2026-02-01T17:55:18+03:00 [INFO] [System] GitHub API request {"endpoint":"repos\/diskeyster-crypto\/2525","http_code":200,"time":"0.388s"}
2026-02-01T17:55:19+03:00 [INFO] [System] GitHub API request {"endpoint":"repos\/diskeyster-crypto\/2525\/commits","http_code":200,"time":"0.419s"}
2026-02-01T18:12:56+03:00 [INFO] [System] GitHub API request {"endpoint":"repos\/diskeyster-crypto\/2525","http_code":200,"time":"0.388s"}
2026-02-01T18:12:56+03:00 [INFO] [System] GitHub API request {"endpoint":"repos\/diskeyster-crypto\/2525\/commits","http_code":200,"time":"0.391s"}
2026-02-01T18:13:00+03:00 [INFO] [System] GitHub API request {"endpoint":"repos\/diskeyster-crypto\/2525","http_code":200,"time":"0.393s"}
2026-02-01T18:13:01+03:00 [INFO] [System] GitHub API request {"endpoint":"repos\/diskeyster-crypto\/2525\/commits","http_code":200,"time":"0.41s"}
2026-02-01T18:25:33+03:00 [INFO] [System] GitHub API request {"endpoint":"repos\/diskeyster-crypto\/2525","http_code":200,"time":"0.385s"}
2026-02-01T18:25:34+03:00 [INFO] [System] GitHub API request {"endpoint":"repos\/diskeyster-crypto\/2525\/commits","http_code":200,"time":"0.386s"}
2026-02-01T18:39:31+03:00 [INFO] [System] GitHub API request {"endpoint":"repos\/diskeyster-crypto\/2525","http_code":200,"time":"0.391s"}
2026-02-01T18:39:31+03:00 [INFO] [System] GitHub API request {"endpoint":"repos\/diskeyster-crypto\/2525\/commits","http_code":200,"time":"0.347s"}
2026-02-02T14:00:34+03:00 [INFO] [System] GitHub API request {"endpoint":"repos\/diskeyster-crypto\/2525","http_code":200,"time":"0.447s"}
2026-02-02T14:00:35+03:00 [INFO] [System] GitHub API request {"endpoint":"repos\/diskeyster-crypto\/2525\/commits","http_code":200,"time":"0.488s"}
2026-02-02T14:00:40+03:00 [INFO] [System] GitHub API request {"endpoint":"user\/repos","http_code":200,"time":"0.822s"}
2026-02-02T14:00:44+03:00 [INFO] [System] GitHub API request {"endpoint":"repos\/diskeyster-crypto\/2525\/branches","http_code":200,"time":"0.391s"}
2026-02-02T14:01:21+03:00 [INFO] [System] GitHub API request {"endpoint":"repos\/diskeyster-crypto\/2525\/contents\/admin\/assets\/css\/style.css","http_code":404,"time":"0.346s"}
2026-02-02T14:01:23+03:00 [INFO] [System] GitHub API request {"endpoint":"repos\/diskeyster-crypto\/2525\/contents\/admin\/assets\/css\/ui.css","http_code":404,"time":"0.341s"}
2026-02-02T14:01:24+03:00 [INFO] [System] GitHub API request {"endpoint":"repos\/diskeyster-crypto\/2525\/contents\/admin\/assets\/js\/app.js","http_code":404,"time":"0.295s"}
2026-02-02T14:01:25+03:00 [INFO] [System] GitHub API request {"endpoint":"repos\/diskeyster-crypto\/2525\/contents\/admin\/views\/cron.php","http_code":404,"time":"0.329s"}
2026-02-02T14:01:27+03:00 [INFO] [System] GitHub API request {"endpoint":"repos\/diskeyster-crypto\/2525\/contents\/admin\/views\/dashboard.php","http_code":404,"time":"0.298s"}
2026-02-02T14:01:28+03:00 [INFO] [System] GitHub API request {"endpoint":"repos\/diskeyster-crypto\/2525\/contents\/admin\/views\/layout.php","http_code":404,"time":"0.332s"}
2026-02-02T14:01:30+03:00 [INFO] [System] GitHub API request {"endpoint":"repos\/diskeyster-crypto\/2525\/contents\/admin\/views\/login.php","http_code":404,"time":"0.521s"}
2026-02-02T14:01:31+03:00 [INFO] [System] GitHub API request {"endpoint":"repos\/diskeyster-crypto\/2525\/contents\/admin\/views\/logs.php","http_code":404,"time":"0.306s"}
2026-02-02T14:01:32+03:00 [INFO] [System] GitHub API request {"endpoint":"repos\/diskeyster-crypto\/2525\/contents\/admin\/views\/modules.php","http_code":404,"time":"0.314s"}
2026-02-02T14:01:34+03:00 [INFO] [System] GitHub API request {"endpoint":"repos\/diskeyster-crypto\/2525\/contents\/admin\/views\/storage.php","http_code":404,"time":"0.31s"}
2026-02-02T14:01:35+03:00 [INFO] [System] GitHub API request {"endpoint":"repos\/diskeyster-crypto\/2525\/contents\/admin\/views\/update.php","http_code":404,"time":"0.333s"}
2026-02-02T14:01:37+03:00 [INFO] [System] GitHub API request {"endpoint":"repos\/diskeyster-crypto\/2525\/contents\/admin\/index.php","http_code":404,"time":"0.342s"}
2026-02-02T14:01:38+03:00 [INFO] [System] GitHub API request {"endpoint":"repos\/diskeyster-crypto\/2525\/contents\/config\/bybit.php","http_code":404,"time":"0.396s"}
2026-02-02T14:01:39+03:00 [INFO] [System] GitHub API request {"endpoint":"repos\/diskeyster-crypto\/2525\/contents\/config\/cron.php","http_code":404,"time":"0.331s"}
2026-02-02T14:01:41+03:00 [INFO] [System] GitHub API request {"endpoint":"repos\/diskeyster-crypto\/2525\/contents\/config\/github.php","http_code":404,"time":"0.302s"}
2026-02-02T14:01:42+03:00 [INFO] [System] GitHub API request {"endpoint":"repos\/diskeyster-crypto\/2525\/contents\/config\/storage.php","http_code":404,"time":"0.305s"}
2026-02-02T14:01:43+03:00 [INFO] [System] GitHub API request {"endpoint":"repos\/diskeyster-crypto\/2525\/contents\/config\/system.php","http_code":404,"time":"0.311s"}
2026-02-02T14:01:44+03:00 [INFO] [System] GitHub API request {"endpoint":"repos\/diskeyster-crypto\/2525\/contents\/core\/auth\/auth.php","http_code":404,"time":"0.299s"}
2026-02-02T14:01:46+03:00 [INFO] [System] GitHub API request {"endpoint":"repos\/diskeyster-crypto\/2525\/contents\/core\/auth\/authmanager.php","http_code":404,"time":"0.335s"}
2026-02-02T14:01:48+03:00 [INFO] [System] GitHub API request {"endpoint":"repos\/diskeyster-crypto\/2525\/contents\/core\/config\/logs\/configguard.log","http_code":404,"time":"0.35s"}
2026-02-02T14:01:49+03:00 [INFO] [System] GitHub API request {"endpoint":"repos\/diskeyster-crypto\/2525\/contents\/core\/config\/tests\/configguard_test.php","http_code":404,"time":"0.317s"}
2026-02-02T14:01:51+03:00 [INFO] [System] GitHub API request {"endpoint":"repos\/diskeyster-crypto\/2525\/contents\/core\/config\/configguard.php","http_code":404,"time":"0.298s"}
2026-02-02T14:01:52+03:00 [INFO] [System] GitHub API request {"endpoint":"repos\/diskeyster-crypto\/2525\/contents\/core\/cron\/cronmanager.php","http_code":404,"time":"0.399s"}
2026-02-02T14:01:54+03:00 [INFO] [System] GitHub API request {"endpoint":"repos\/diskeyster-crypto\/2525\/contents\/core\/gateway\/bybit.php","http_code":404,"time":"0.35s"}
2026-02-02T14:01:55+03:00 [INFO] [System] GitHub API request {"endpoint":"repos\/diskeyster-crypto\/2525\/contents\/core\/gateway\/gatewayinterface.php","http_code":404,"time":"0.351s"}
2026-02-02T14:01:57+03:00 [INFO] [System] GitHub API request {"endpoint":"repos\/diskeyster-crypto\/2525\/contents\/core\/keycenter\/keycenter.php","http_code":404,"time":"0.34s"}
2026-02-02T14:01:58+03:00 [INFO] [System] GitHub API request {"endpoint":"repos\/diskeyster-crypto\/2525\/contents\/core\/logger\/logger.php","http_code":404,"time":"0.32s"}
2026-02-02T14:01:59+03:00 [INFO] [System] GitHub API request {"endpoint":"repos\/diskeyster-crypto\/2525\/contents\/core\/module\/modulemanager.php","http_code":404,"time":"0.363s"}
2026-02-02T14:02:01+03:00 [INFO] [System] GitHub API request {"endpoint":"repos\/diskeyster-crypto\/2525\/contents\/core\/router\/middleware.php","http_code":404,"time":"0.311s"}
2026-02-02T14:02:02+03:00 [INFO] [System] GitHub API request {"endpoint":"repos\/diskeyster-crypto\/2525\/contents\/core\/router\/router.php","http_code":404,"time":"0.318s"}
2026-02-02T14:02:04+03:00 [INFO] [System] GitHub API request {"endpoint":"repos\/diskeyster-crypto\/2525\/contents\/core\/router\/zones.php","http_code":404,"time":"0.419s"}
2026-02-02T14:02:05+03:00 [INFO] [System] GitHub API request {"endpoint":"repos\/diskeyster-crypto\/2525\/contents\/core\/system\/entrypoint.php","http_code":404,"time":"0.289s"}
2026-02-02T14:02:06+03:00 [INFO] [System] GitHub API request {"endpoint":"repos\/diskeyster-crypto\/2525\/contents\/core\/system\/system.php","http_code":404,"time":"0.336s"}
2026-02-02T14:02:08+03:00 [INFO] [System] GitHub API request {"endpoint":"repos\/diskeyster-crypto\/2525\/contents\/core\/system\/systemconfig.php","http_code":404,"time":"0.332s"}
2026-02-02T14:02:09+03:00 [INFO] [System] GitHub API request {"endpoint":"repos\/diskeyster-crypto\/2525\/contents\/core\/system\/systemenv.php","http_code":404,"time":"0.308s"}
2026-02-02T14:02:10+03:00 [INFO] [System] GitHub API request {"endpoint":"repos\/diskeyster-crypto\/2525\/contents\/core\/system\/systemerror.php","http_code":404,"time":"0.374s"}
2026-02-02T14:02:12+03:00 [INFO] [System] GitHub API request {"endpoint":"repos\/diskeyster-crypto\/2525\/contents\/core\/system\/systemevents.php","http_code":404,"time":"0.343s"}
2026-02-02T14:02:13+03:00 [INFO] [System] GitHub API request {"endpoint":"repos\/diskeyster-crypto\/2525\/contents\/core\/system\/systemmigration.php","http_code":404,"time":"0.331s"}
2026-02-02T14:02:14+03:00 [INFO] [System] GitHub API request {"endpoint":"repos\/diskeyster-crypto\/2525\/contents\/core\/system\/systempaths.php","http_code":404,"time":"0.289s"}
2026-02-02T14:02:16+03:00 [INFO] [System] GitHub API request {"endpoint":"repos\/diskeyster-crypto\/2525\/contents\/core\/system\/systemruntime.php","http_code":404,"time":"0.322s"}
2026-02-02T14:02:17+03:00 [INFO] [System] GitHub API request {"endpoint":"repos\/diskeyster-crypto\/2525\/contents\/core\/system\/systemstate.php","http_code":404,"time":"0.381s"}
2026-02-02T14:02:19+03:00 [INFO] [System] GitHub API request {"endpoint":"repos\/diskeyster-crypto\/2525\/contents\/core\/system\/systemversion.php","http_code":404,"time":"0.341s"}
2026-02-02T14:02:20+03:00 [INFO] [System] GitHub API request {"endpoint":"repos\/diskeyster-crypto\/2525\/contents\/core\/system\/url.php","http_code":404,"time":"0.481s"}
2026-02-02T14:02:22+03:00 [INFO] [System] GitHub API request {"endpoint":"repos\/diskeyster-crypto\/2525\/contents\/core\/view\/viewengine.php","http_code":404,"time":"0.331s"}
2026-02-02T14:02:23+03:00 [INFO] [System] GitHub API request {"endpoint":"repos\/diskeyster-crypto\/2525\/contents\/core\/bootstrap.php","http_code":404,"time":"0.331s"}
2026-02-02T14:02:24+03:00 [INFO] [System] GitHub API request {"endpoint":"repos\/diskeyster-crypto\/2525\/contents\/index.php","http_code":404,"time":"0.332s"}
2026-02-02T14:02:26+03:00 [INFO] [System] GitHub API request {"endpoint":"repos\/diskeyster-crypto\/2525\/contents\/scripts\/bybit_diagnostic.php","http_code":404,"time":"0.497s"}
2026-02-02T14:02:27+03:00 [INFO] [System] GitHub API request {"endpoint":"repos\/diskeyster-crypto\/2525\/contents\/public\/admin\/assets\/css\/style.css","http_code":404,"time":"0.336s"}
2026-02-02T14:02:29+03:00 [INFO] [System] GitHub API request {"endpoint":"repos\/diskeyster-crypto\/2525\/contents\/public\/admin\/assets\/css\/ui.css","http_code":404,"time":"0.314s"}
2026-02-02T14:02:30+03:00 [INFO] [System] GitHub API request {"endpoint":"repos\/diskeyster-crypto\/2525\/contents\/public\/admin\/assets\/js\/app.js","http_code":404,"time":"0.337s"}
2026-02-02T14:02:31+03:00 [INFO] [System] GitHub API request {"endpoint":"repos\/diskeyster-crypto\/2525\/contents\/public\/admin\/index.php","http_code":404,"time":"0.332s"}
2026-02-02T14:02:33+03:00 [INFO] [System] GitHub API request {"endpoint":"repos\/diskeyster-crypto\/2525\/contents\/public\/cron.php","http_code":404,"time":"0.312s"}
2026-02-02T14:02:35+03:00 [INFO] [System] GitHub API request {"endpoint":"repos\/diskeyster-crypto\/2525\/contents\/public\/index.php","http_code":404,"time":"0.334s"}
2026-02-02T14:02:36+03:00 [INFO] [System] GitHub API request {"endpoint":"repos\/diskeyster-crypto\/2525\/contents\/public\/install.php","http_code":404,"time":"0.343s"}
2026-02-02T14:06:26+03:00 [INFO] [System] GitHub API request {"endpoint":"repos\/diskeyster-crypto\/2525\/contents\/public\/cron.php","http_code":200,"time":"0.344s"}
2026-02-02T14:06:28+03:00 [INFO] [System] GitHub API request {"endpoint":"repos\/diskeyster-crypto\/2525\/contents\/public\/index.php","http_code":200,"time":"0.423s"}
2026-02-02T14:06:29+03:00 [INFO] [System] GitHub API request {"endpoint":"repos\/diskeyster-crypto\/2525\/contents\/public\/install.php","http_code":200,"time":"0.324s"}
2026-02-02T14:06:31+03:00 [INFO] [System] GitHub API request {"endpoint":"repos\/diskeyster-crypto\/2525\/contents\/scripts\/bybit_diagnostic.php","http_code":200,"time":"0.388s"}
2026-02-02T14:06:32+03:00 [INFO] [System] GitHub API request {"endpoint":"repos\/diskeyster-crypto\/2525\/contents\/index.php","http_code":200,"time":"0.458s"}
2026-02-02T14:06:34+03:00 [INFO] [System] GitHub API request {"endpoint":"repos\/diskeyster-crypto\/2525\/contents\/readme.md","http_code":404,"time":"0.333s"}
2026-02-02T14:06:36+03:00 [INFO] [System] GitHub API request {"endpoint":"repos\/diskeyster-crypto\/2525\/contents\/core\/view\/viewengine.php","http_code":200,"time":"0.41s"}
2026-02-02T14:06:37+03:00 [INFO] [System] GitHub API request {"endpoint":"repos\/diskeyster-crypto\/2525\/contents\/core\/system\/entrypoint.php","http_code":200,"time":"0.392s"}
2026-02-02T14:06:38+03:00 [INFO] [System] GitHub API request {"endpoint":"repos\/diskeyster-crypto\/2525\/contents\/core\/system\/system.php","http_code":200,"time":"0.392s"}
2026-02-02T14:06:40+03:00 [INFO] [System] GitHub API request {"endpoint":"repos\/diskeyster-crypto\/2525\/contents\/core\/system\/systemconfig.php","http_code":200,"time":"0.363s"}
2026-02-02T14:06:41+03:00 [INFO] [System] GitHub API request {"endpoint":"repos\/diskeyster-crypto\/2525\/contents\/core\/system\/systemenv.php","http_code":200,"time":"0.34s"}
2026-02-02T14:06:43+03:00 [INFO] [System] GitHub API request {"endpoint":"repos\/diskeyster-crypto\/2525\/contents\/core\/system\/systemerror.php","http_code":200,"time":"0.41s"}
2026-02-02T14:06:44+03:00 [INFO] [System] GitHub API request {"endpoint":"repos\/diskeyster-crypto\/2525\/contents\/core\/system\/systemevents.php","http_code":200,"time":"0.329s"}
2026-02-02T14:06:45+03:00 [INFO] [System] GitHub API request {"endpoint":"repos\/diskeyster-crypto\/2525\/contents\/core\/system\/systemmigration.php","http_code":200,"time":"0.404s"}
2026-02-02T14:06:47+03:00 [INFO] [System] GitHub API request {"endpoint":"repos\/diskeyster-crypto\/2525\/contents\/core\/system\/systempaths.php","http_code":200,"time":"0.338s"}
2026-02-02T14:06:48+03:00 [INFO] [System] GitHub API request {"endpoint":"repos\/diskeyster-crypto\/2525\/contents\/core\/system\/systemruntime.php","http_code":200,"time":"0.372s"}
2026-02-02T14:06:50+03:00 [INFO] [System] GitHub API request {"endpoint":"repos\/diskeyster-crypto\/2525\/contents\/core\/system\/systemstate.php","http_code":200,"time":"0.377s"}
2026-02-02T14:06:51+03:00 [INFO] [System] GitHub API request {"endpoint":"repos\/diskeyster-crypto\/2525\/contents\/core\/system\/systemversion.php","http_code":200,"time":"0.338s"}
2026-02-02T14:06:52+03:00 [INFO] [System] GitHub API request {"endpoint":"repos\/diskeyster-crypto\/2525\/contents\/core\/system\/url.php","http_code":200,"time":"0.329s"}
2026-02-02T14:06:54+03:00 [INFO] [System] GitHub API request {"endpoint":"repos\/diskeyster-crypto\/2525\/contents\/core\/router\/middleware.php","http_code":200,"time":"0.33s"}
2026-02-02T14:06:55+03:00 [INFO] [System] GitHub API request {"endpoint":"repos\/diskeyster-crypto\/2525\/contents\/core\/router\/router.php","http_code":200,"time":"0.336s"}
2026-02-02T14:06:57+03:00 [INFO] [System] GitHub API request {"endpoint":"repos\/diskeyster-crypto\/2525\/contents\/core\/router\/zones.php","http_code":200,"time":"0.335s"}
2026-02-02T14:06:58+03:00 [INFO] [System] GitHub API request {"endpoint":"repos\/diskeyster-crypto\/2525\/contents\/core\/module\/modulemanager.php","http_code":200,"time":"0.419s"}
2026-02-02T14:07:00+03:00 [INFO] [System] GitHub API request {"endpoint":"repos\/diskeyster-crypto\/2525\/contents\/core\/logger\/logger.php","http_code":200,"time":"0.332s"}
2026-02-02T14:07:01+03:00 [INFO] [System] GitHub API request {"endpoint":"repos\/diskeyster-crypto\/2525\/contents\/core\/keycenter\/keycenter.php","http_code":200,"time":"0.467s"}
2026-02-02T14:07:03+03:00 [INFO] [System] GitHub API request {"endpoint":"repos\/diskeyster-crypto\/2525\/contents\/core\/gateway\/bybit.php","http_code":200,"time":"0.427s"}
2026-02-02T14:07:04+03:00 [INFO] [System] GitHub API request {"endpoint":"repos\/diskeyster-crypto\/2525\/contents\/core\/gateway\/gatewayinterface.php","http_code":200,"time":"0.339s"}
2026-02-02T14:07:06+03:00 [INFO] [System] GitHub API request {"endpoint":"repos\/diskeyster-crypto\/2525\/contents\/core\/cron\/cronmanager.php","http_code":200,"time":"0.378s"}
2026-02-02T14:07:07+03:00 [INFO] [System] GitHub API request {"endpoint":"repos\/diskeyster-crypto\/2525\/contents\/core\/config\/configguard.php","http_code":200,"time":"0.399s"}
2026-02-02T14:07:09+03:00 [INFO] [System] GitHub API request {"endpoint":"repos\/diskeyster-crypto\/2525\/contents\/core\/config\/logs\/configguard.log","http_code":200,"time":"0.366s"}
2026-02-02T14:07:10+03:00 [INFO] [System] GitHub API request {"endpoint":"repos\/diskeyster-crypto\/2525\/contents\/core\/config\/tests\/configguard_test.php","http_code":200,"time":"0.371s"}
2026-02-02T14:07:12+03:00 [INFO] [System] GitHub API request {"endpoint":"repos\/diskeyster-crypto\/2525\/contents\/core\/auth\/auth.php","http_code":200,"time":"0.386s"}
2026-02-02T14:07:13+03:00 [INFO] [System] GitHub API request {"endpoint":"repos\/diskeyster-crypto\/2525\/contents\/core\/auth\/authmanager.php","http_code":200,"time":"0.381s"}
2026-02-02T14:07:15+03:00 [INFO] [System] GitHub API request {"endpoint":"repos\/diskeyster-crypto\/2525\/contents\/admin\/index.php","http_code":200,"time":"0.339s"}
2026-02-02T14:07:16+03:00 [INFO] [System] GitHub API request {"endpoint":"repos\/diskeyster-crypto\/2525\/contents\/config\/bybit.php","http_code":200,"time":"0.343s"}
2026-02-02T14:07:18+03:00 [INFO] [System] GitHub API request {"endpoint":"repos\/diskeyster-crypto\/2525\/contents\/config\/cron.php","http_code":200,"time":"0.331s"}
2026-02-02T14:07:19+03:00 [INFO] [System] GitHub API request {"endpoint":"repos\/diskeyster-crypto\/2525\/contents\/config\/github.php","http_code":200,"time":"0.307s"}
2026-02-02T14:07:21+03:00 [INFO] [System] GitHub API request {"endpoint":"repos\/diskeyster-crypto\/2525\/contents\/config\/storage.php","http_code":200,"time":"0.513s"}
2026-02-02T14:07:22+03:00 [INFO] [System] GitHub API request {"endpoint":"repos\/diskeyster-crypto\/2525\/contents\/config\/system.php","http_code":200,"time":"0.349s"}
2026-02-02T14:25:14+03:00 [INFO] [System] GitHub API request {"endpoint":"repos\/diskeyster-crypto\/2525","http_code":200,"time":"0.403s"}
2026-02-02T14:25:15+03:00 [INFO] [System] GitHub API request {"endpoint":"repos\/diskeyster-crypto\/2525\/commits","http_code":200,"time":"0.402s"}
2026-02-02T14:25:20+03:00 [INFO] [System] GitHub API request {"endpoint":"user\/repos","http_code":200,"time":"0.772s"}
2026-02-02T14:25:21+03:00 [INFO] [System] GitHub API request {"endpoint":"repos\/diskeyster-crypto\/2525\/branches","http_code":200,"time":"0.402s"}
2026-02-02T14:25:41+03:00 [INFO] [System] GitHub API request {"endpoint":"user\/repos","http_code":200,"time":"0.564s"}
2026-02-02T14:25:42+03:00 [INFO] [System] GitHub API request {"endpoint":"repos\/diskeyster-crypto\/2525\/branches","http_code":200,"time":"0.346s"}
2026-02-02T14:25:44+03:00 [INFO] [System] GitHub API request {"endpoint":"repos\/diskeyster-crypto\/2525","http_code":200,"time":"0.437s"}
2026-02-02T14:25:44+03:00 [INFO] [System] GitHub API request {"endpoint":"repos\/diskeyster-crypto\/2525\/commits","http_code":200,"time":"0.383s"}
2026-02-02T14:25:49+03:00 [INFO] [System] GitHub API request {"endpoint":"user\/repos","http_code":200,"time":"0.693s"}
2026-02-02T14:29:14+03:00 [INFO] [System] GitHub API request {"endpoint":"user\/repos","http_code":200,"time":"0.601s"}
2026-02-02T14:29:20+03:00 [INFO] [System] GitHub API request {"endpoint":"repos\/diskeyster-crypto\/debagg\/branches","http_code":200,"time":"0.437s"}
2026-02-02T14:29:34+03:00 [INFO] [System] GitHub API request {"endpoint":"repos\/diskeyster-crypto\/debagg\/contents\/admin\/assets\/css\/style.css","http_code":404,"time":"0.323s"}
2026-02-02T14:29:35+03:00 [INFO] [System] GitHub API request {"endpoint":"repos\/diskeyster-crypto\/debagg\/contents\/admin\/assets\/css\/ui.css","http_code":404,"time":"0.314s"}
2026-02-02T14:29:36+03:00 [INFO] [System] GitHub API request {"endpoint":"repos\/diskeyster-crypto\/debagg\/contents\/admin\/assets\/js\/app.js","http_code":404,"time":"0.349s"}
2026-02-02T14:29:38+03:00 [INFO] [System] GitHub API request {"endpoint":"repos\/diskeyster-crypto\/debagg\/contents\/admin\/views\/cron.php","http_code":404,"time":"0.334s"}
2026-02-02T14:29:39+03:00 [INFO] [System] GitHub API request {"endpoint":"repos\/diskeyster-crypto\/debagg\/contents\/admin\/views\/dashboard.php","http_code":404,"time":"0.319s"}
2026-02-02T14:29:40+03:00 [INFO] [System] GitHub API request {"endpoint":"repos\/diskeyster-crypto\/debagg\/contents\/admin\/views\/layout.php","http_code":404,"time":"0.329s"}
2026-02-02T14:29:42+03:00 [INFO] [System] GitHub API request {"endpoint":"repos\/diskeyster-crypto\/debagg\/contents\/admin\/views\/login.php","http_code":404,"time":"0.317s"}
2026-02-02T14:29:43+03:00 [INFO] [System] GitHub API request {"endpoint":"repos\/diskeyster-crypto\/debagg\/contents\/admin\/views\/logs.php","http_code":404,"time":"0.347s"}
2026-02-02T14:29:44+03:00 [INFO] [System] GitHub API request {"endpoint":"repos\/diskeyster-crypto\/debagg\/contents\/admin\/views\/modules.php","http_code":404,"time":"0.295s"}
2026-02-02T14:29:45+03:00 [INFO] [System] GitHub API request {"endpoint":"repos\/diskeyster-crypto\/debagg\/contents\/admin\/views\/storage.php","http_code":404,"time":"0.32s"}
2026-02-02T14:29:47+03:00 [INFO] [System] GitHub API request {"endpoint":"repos\/diskeyster-crypto\/debagg\/contents\/admin\/views\/update.php","http_code":404,"time":"0.342s"}
2026-02-02T14:29:48+03:00 [INFO] [System] GitHub API request {"endpoint":"repos\/diskeyster-crypto\/debagg\/contents\/admin\/index.php","http_code":404,"time":"0.293s"}
2026-02-02T14:30:03+03:00 [INFO] [System] GitHub API request {"endpoint":"repos\/diskeyster-crypto\/debagg\/contents\/admin\/index.php","http_code":200,"time":"0.339s"}
2026-02-02T14:30:51+03:00 [INFO] [System] GitHub API request {"endpoint":"repos\/diskeyster-crypto\/debagg\/contents\/config\/bybit.php","http_code":404,"time":"0.341s"}
2026-02-02T14:30:52+03:00 [INFO] [System] GitHub API request {"endpoint":"repos\/diskeyster-crypto\/debagg\/contents\/config\/cron.php","http_code":404,"time":"0.348s"}
2026-02-02T14:30:54+03:00 [INFO] [System] GitHub API request {"endpoint":"repos\/diskeyster-crypto\/debagg\/contents\/config\/github.php","http_code":404,"time":"0.337s"}
2026-02-02T14:30:55+03:00 [INFO] [System] GitHub API request {"endpoint":"repos\/diskeyster-crypto\/debagg\/contents\/config\/storage.php","http_code":404,"time":"0.315s"}
2026-02-02T14:30:56+03:00 [INFO] [System] GitHub API request {"endpoint":"repos\/diskeyster-crypto\/debagg\/contents\/config\/system.php","http_code":404,"time":"0.35s"}
2026-02-02T14:32:56+03:00 [INFO] [System] GitHub API request {"endpoint":"repos\/diskeyster-crypto\/debagg\/contents\/core\/auth\/auth.php","http_code":404,"time":"0.354s"}
2026-02-02T14:32:57+03:00 [INFO] [System] GitHub API request {"endpoint":"repos\/diskeyster-crypto\/debagg\/contents\/core\/auth\/authmanager.php","http_code":404,"time":"0.325s"}
2026-02-02T14:32:59+03:00 [INFO] [System] GitHub API request {"endpoint":"repos\/diskeyster-crypto\/debagg\/contents\/core\/config\/logs\/configguard.log","http_code":404,"time":"0.498s"}
2026-02-02T14:33:00+03:00 [INFO] [System] GitHub API request {"endpoint":"repos\/diskeyster-crypto\/debagg\/contents\/core\/config\/tests\/configguard_test.php","http_code":404,"time":"0.311s"}
2026-02-02T14:33:02+03:00 [INFO] [System] GitHub API request {"endpoint":"repos\/diskeyster-crypto\/debagg\/contents\/core\/config\/configguard.php","http_code":404,"time":"0.363s"}
2026-02-02T14:33:04+03:00 [INFO] [System] GitHub API request {"endpoint":"repos\/diskeyster-crypto\/debagg\/contents\/core\/cron\/cronmanager.php","http_code":404,"time":"0.309s"}
2026-02-02T14:33:05+03:00 [INFO] [System] GitHub API request {"endpoint":"repos\/diskeyster-crypto\/debagg\/contents\/core\/gateway\/bybit.php","http_code":404,"time":"0.52s"}
2026-02-02T14:33:07+03:00 [INFO] [System] GitHub API request {"endpoint":"repos\/diskeyster-crypto\/debagg\/contents\/core\/gateway\/gatewayinterface.php","http_code":404,"time":"0.324s"}
2026-02-02T14:33:08+03:00 [INFO] [System] GitHub API request {"endpoint":"repos\/diskeyster-crypto\/debagg\/contents\/core\/keycenter\/keycenter.php","http_code":404,"time":"0.384s"}
2026-02-02T14:33:10+03:00 [INFO] [System] GitHub API request {"endpoint":"repos\/diskeyster-crypto\/debagg\/contents\/core\/logger\/logger.php","http_code":404,"time":"0.366s"}
2026-02-02T14:33:11+03:00 [INFO] [System] GitHub API request {"endpoint":"repos\/diskeyster-crypto\/debagg\/contents\/core\/module\/modulemanager.php","http_code":404,"time":"0.349s"}
2026-02-02T14:33:13+03:00 [INFO] [System] GitHub API request {"endpoint":"repos\/diskeyster-crypto\/debagg\/contents\/core\/router\/middleware.php","http_code":404,"time":"0.336s"}
2026-02-02T14:33:14+03:00 [INFO] [System] GitHub API request {"endpoint":"repos\/diskeyster-crypto\/debagg\/contents\/core\/router\/router.php","http_code":404,"time":"0.531s"}
2026-02-02T14:33:16+03:00 [INFO] [System] GitHub API request {"endpoint":"repos\/diskeyster-crypto\/debagg\/contents\/core\/router\/zones.php","http_code":404,"time":"0.331s"}
2026-02-02T14:33:17+03:00 [INFO] [System] GitHub API request {"endpoint":"repos\/diskeyster-crypto\/debagg\/contents\/core\/storage\/jsonstorage.php","http_code":404,"time":"0.342s"}
2026-02-02T14:33:19+03:00 [INFO] [System] GitHub API request {"endpoint":"repos\/diskeyster-crypto\/debagg\/contents\/core\/storage\/mysqlstorage.php","http_code":404,"time":"0.349s"}
2026-02-02T14:33:20+03:00 [INFO] [System] GitHub API request {"endpoint":"repos\/diskeyster-crypto\/debagg\/contents\/core\/storage\/sqlitestorage.php","http_code":404,"time":"0.322s"}
2026-02-02T14:33:22+03:00 [INFO] [System] GitHub API request {"endpoint":"repos\/diskeyster-crypto\/debagg\/contents\/core\/storage\/storageinterface.php","http_code":404,"time":"0.297s"}
2026-02-02T14:33:23+03:00 [INFO] [System] GitHub API request {"endpoint":"repos\/diskeyster-crypto\/debagg\/contents\/core\/storage\/storagemanager.php","http_code":404,"time":"0.324s"}
2026-02-02T14:33:24+03:00 [INFO] [System] GitHub API request {"endpoint":"repos\/diskeyster-crypto\/debagg\/contents\/core\/system\/entrypoint.php","http_code":404,"time":"0.322s"}
2026-02-02T14:33:26+03:00 [INFO] [System] GitHub API request {"endpoint":"repos\/diskeyster-crypto\/debagg\/contents\/core\/system\/system.php","http_code":404,"time":"0.325s"}
2026-02-02T14:33:27+03:00 [INFO] [System] GitHub API request {"endpoint":"repos\/diskeyster-crypto\/debagg\/contents\/core\/system\/systemconfig.php","http_code":404,"time":"0.352s"}
2026-02-02T14:33:28+03:00 [INFO] [System] GitHub API request {"endpoint":"repos\/diskeyster-crypto\/debagg\/contents\/core\/system\/systemenv.php","http_code":404,"time":"0.314s"}
2026-02-02T14:33:30+03:00 [INFO] [System] GitHub API request {"endpoint":"repos\/diskeyster-crypto\/debagg\/contents\/core\/system\/systemerror.php","http_code":404,"time":"0.342s"}
2026-02-02T14:33:31+03:00 [INFO] [System] GitHub API request {"endpoint":"repos\/diskeyster-crypto\/debagg\/contents\/core\/system\/systemevents.php","http_code":404,"time":"0.364s"}
2026-02-02T14:33:33+03:00 [INFO] [System] GitHub API request {"endpoint":"repos\/diskeyster-crypto\/debagg\/contents\/core\/system\/systemmigration.php","http_code":404,"time":"0.332s"}
2026-02-02T14:33:35+03:00 [INFO] [System] GitHub API request {"endpoint":"repos\/diskeyster-crypto\/debagg\/contents\/core\/system\/systempaths.php","http_code":404,"time":"0.324s"}
2026-02-02T14:33:36+03:00 [INFO] [System] GitHub API request {"endpoint":"repos\/diskeyster-crypto\/debagg\/contents\/core\/system\/systemruntime.php","http_code":404,"time":"0.298s"}
2026-02-02T14:33:37+03:00 [INFO] [System] GitHub API request {"endpoint":"repos\/diskeyster-crypto\/debagg\/contents\/core\/system\/systemstate.php","http_code":404,"time":"0.336s"}
2026-02-02T14:33:38+03:00 [INFO] [System] GitHub API request {"endpoint":"repos\/diskeyster-crypto\/debagg\/contents\/core\/system\/systemversion.php","http_code":404,"time":"0.35s"}
2026-02-02T14:33:40+03:00 [INFO] [System] GitHub API request {"endpoint":"repos\/diskeyster-crypto\/debagg\/contents\/core\/system\/url.php","http_code":404,"time":"0.335s"}
2026-02-02T14:33:41+03:00 [INFO] [System] GitHub API request {"endpoint":"repos\/diskeyster-crypto\/debagg\/contents\/core\/view\/viewengine.php","http_code":404,"time":"0.321s"}
2026-02-02T14:33:42+03:00 [INFO] [System] GitHub API request {"endpoint":"repos\/diskeyster-crypto\/debagg\/contents\/core\/bootstrap.php","http_code":404,"time":"0.335s"}
2026-02-02T14:34:14+03:00 [INFO] [System] GitHub API request {"endpoint":"repos\/diskeyster-crypto\/debagg\/contents\/public\/admin\/assets\/css\/style.css","http_code":404,"time":"0.336s"}
2026-02-02T14:34:16+03:00 [INFO] [System] GitHub API request {"endpoint":"repos\/diskeyster-crypto\/debagg\/contents\/public\/admin\/assets\/css\/ui.css","http_code":404,"time":"0.336s"}
2026-02-02T14:34:17+03:00 [INFO] [System] GitHub API request {"endpoint":"repos\/diskeyster-crypto\/debagg\/contents\/public\/admin\/assets\/js\/app.js","http_code":404,"time":"0.339s"}
2026-02-02T14:34:19+03:00 [INFO] [System] GitHub API request {"endpoint":"repos\/diskeyster-crypto\/debagg\/contents\/public\/admin\/index.php","http_code":404,"time":"0.342s"}
2026-02-02T14:34:20+03:00 [INFO] [System] GitHub API request {"endpoint":"repos\/diskeyster-crypto\/debagg\/contents\/public\/storage\/errors.json","http_code":404,"time":"0.326s"}
2026-02-02T14:34:21+03:00 [INFO] [System] GitHub API request {"endpoint":"repos\/diskeyster-crypto\/debagg\/contents\/public\/storage\/errors.json.bak","http_code":404,"time":"0.345s"}
2026-02-02T14:34:23+03:00 [INFO] [System] GitHub API request {"endpoint":"repos\/diskeyster-crypto\/debagg\/contents\/public\/storage\/last_run.json","http_code":404,"time":"0.32s"}
2026-02-02T14:34:24+03:00 [INFO] [System] GitHub API request {"endpoint":"repos\/diskeyster-crypto\/debagg\/contents\/public\/storage\/state.json","http_code":404,"time":"0.29s"}
2026-02-02T14:34:26+03:00 [INFO] [System] GitHub API request {"endpoint":"repos\/diskeyster-crypto\/debagg\/contents\/public\/cron.php","http_code":404,"time":"0.314s"}
2026-02-02T14:34:27+03:00 [INFO] [System] GitHub API request {"endpoint":"repos\/diskeyster-crypto\/debagg\/contents\/public\/index.php","http_code":404,"time":"0.309s"}
2026-02-02T14:34:29+03:00 [INFO] [System] GitHub API request {"endpoint":"repos\/diskeyster-crypto\/debagg\/contents\/public\/install.php","http_code":404,"time":"0.314s"}
2026-02-02T14:34:30+03:00 [INFO] [System] GitHub API request {"endpoint":"repos\/diskeyster-crypto\/debagg\/contents\/runtime\/cache\/.gitkeep","http_code":404,"time":"0.292s"}
2026-02-02T14:34:32+03:00 [INFO] [System] GitHub API request {"endpoint":"repos\/diskeyster-crypto\/debagg\/contents\/runtime\/logs\/.gitkeep","http_code":404,"time":"0.301s"}
2026-02-02T14:34:34+03:00 [INFO] [System] GitHub API request {"endpoint":"repos\/diskeyster-crypto\/debagg\/contents\/runtime\/logs\/cron.log","http_code":404,"time":"0.501s"}
2026-02-06T10:46:05+03:00 [INFO] [System] GitHub API request {"endpoint":"repos\/diskeyster-crypto\/debagg","http_code":200,"time":"0.365s"}
2026-02-06T10:46:06+03:00 [INFO] [System] GitHub API request {"endpoint":"repos\/diskeyster-crypto\/debagg\/commits","http_code":200,"time":"0.369s"}
2026-02-06T10:48:06+03:00 [INFO] [System] GitHub API request {"endpoint":"repos\/diskeyster-crypto\/debagg","http_code":200,"time":"0.395s"}
2026-02-06T10:48:07+03:00 [INFO] [System] GitHub API request {"endpoint":"repos\/diskeyster-crypto\/debagg\/commits","http_code":200,"time":"0.359s"}
2026-02-06T10:48:13+03:00 [INFO] [System] GitHub API request {"endpoint":"user\/repos","http_code":200,"time":"0.578s"}
2026-02-06T10:48:21+03:00 [INFO] [System] GitHub API request {"endpoint":"repos\/diskeyster-crypto\/debagg\/branches","http_code":200,"time":"0.349s"}
2026-02-06T10:48:46+03:00 [INFO] [System] GitHub API request {"endpoint":"repos\/diskeyster-crypto\/debagg\/contents\/index.php","http_code":200,"time":"0.421s"}
2026-02-06T10:48:48+03:00 [INFO] [System] GitHub API request {"endpoint":"repos\/diskeyster-crypto\/debagg\/contents\/storage\/bybit\/parsers\/parser_4_analyzer\/blocklist.json","http_code":200,"time":"0.329s"}
2026-02-06T10:48:50+03:00 [INFO] [System] GitHub API request {"endpoint":"repos\/diskeyster-crypto\/debagg\/contents\/storage\/bybit\/parsers\/parser_4_analyzer\/candidates.json","http_code":200,"time":"0.408s"}
2026-02-06T10:48:52+03:00 [INFO] [System] GitHub API request {"endpoint":"repos\/diskeyster-crypto\/debagg\/contents\/storage\/bybit\/parsers\/parser_4_analyzer\/last_run.json","http_code":200,"time":"0.334s"}
2026-02-06T10:48:54+03:00 [INFO] [System] GitHub API request {"endpoint":"repos\/diskeyster-crypto\/debagg\/contents\/storage\/bybit\/parsers\/parser_4_analyzer\/watchlist.json","http_code":200,"time":"0.318s"}
2026-02-06T10:48:56+03:00 [INFO] [System] GitHub API request {"endpoint":"repos\/diskeyster-crypto\/debagg\/contents\/storage\/cron\/registry.php","http_code":200,"time":"0.51s"}
2026-02-06T10:48:57+03:00 [INFO] [System] GitHub API request {"endpoint":"repos\/diskeyster-crypto\/debagg\/contents\/storage\/logs\/parser4_analyzer.log","http_code":200,"time":"0.345s"}
2026-02-06T10:48:59+03:00 [INFO] [System] GitHub API request {"endpoint":"repos\/diskeyster-crypto\/debagg\/contents\/storage\/system\/migrations\/1.0.0.php","http_code":200,"time":"0.348s"}
2026-02-06T10:49:01+03:00 [INFO] [System] GitHub API request {"endpoint":"repos\/diskeyster-crypto\/debagg\/contents\/storage\/system\/migrations\/1.1.0.php","http_code":200,"time":"0.338s"}
2026-02-06T10:49:03+03:00 [INFO] [System] GitHub API request {"endpoint":"repos\/diskeyster-crypto\/debagg\/contents\/storage\/system\/migrations\/1.2.0.php","http_code":200,"time":"0.338s"}
2026-02-06T10:49:04+03:00 [INFO] [System] GitHub API request {"endpoint":"repos\/diskeyster-crypto\/debagg\/contents\/storage\/system\/themes\/system-dark\/base.css","http_code":200,"time":"0.31s"}
2026-02-06T10:49:06+03:00 [INFO] [System] GitHub API request {"endpoint":"repos\/diskeyster-crypto\/debagg\/contents\/storage\/system\/themes\/system-dark\/components.css","http_code":200,"time":"0.317s"}
2026-02-06T10:49:08+03:00 [INFO] [System] GitHub API request {"endpoint":"repos\/diskeyster-crypto\/debagg\/contents\/storage\/system\/themes\/system-dark\/layout.css","http_code":200,"time":"0.324s"}
2026-02-06T10:49:09+03:00 [INFO] [System] GitHub API request {"endpoint":"repos\/diskeyster-crypto\/debagg\/contents\/storage\/system\/themes\/system-dark\/theme.json","http_code":200,"time":"0.361s"}
2026-02-06T10:49:11+03:00 [INFO] [System] GitHub API request {"endpoint":"repos\/diskeyster-crypto\/debagg\/contents\/storage\/system\/themes\/system-light\/base.css","http_code":200,"time":"0.327s"}
2026-02-06T10:49:13+03:00 [INFO] [System] GitHub API request {"endpoint":"repos\/diskeyster-crypto\/debagg\/contents\/storage\/system\/themes\/system-light\/components.css","http_code":200,"time":"0.358s"}
2026-02-06T10:49:15+03:00 [INFO] [System] GitHub API request {"endpoint":"repos\/diskeyster-crypto\/debagg\/contents\/storage\/system\/themes\/system-light\/layout.css","http_code":200,"time":"0.328s"}
2026-02-06T10:49:17+03:00 [INFO] [System] GitHub API request {"endpoint":"repos\/diskeyster-crypto\/debagg\/contents\/storage\/system\/themes\/system-light\/theme.json","http_code":200,"time":"0.316s"}
2026-02-06T10:49:18+03:00 [INFO] [System] GitHub API request {"endpoint":"repos\/diskeyster-crypto\/debagg\/contents\/storage\/system\/migrations.php","http_code":200,"time":"0.312s"}
2026-02-06T10:49:20+03:00 [INFO] [System] GitHub API request {"endpoint":"repos\/diskeyster-crypto\/debagg\/contents\/storage\/system\/state.php","http_code":200,"time":"0.374s"}
2026-02-06T10:49:22+03:00 [INFO] [System] GitHub API request {"endpoint":"repos\/diskeyster-crypto\/debagg\/contents\/storage\/system\/users.php","http_code":200,"time":"0.312s"}
2026-02-06T10:49:23+03:00 [INFO] [System] GitHub API request {"endpoint":"repos\/diskeyster-crypto\/debagg\/contents\/storage\/.encryption_key","http_code":200,"time":"0.361s"}
2026-02-06T10:49:25+03:00 [INFO] [System] GitHub API request {"endpoint":"repos\/diskeyster-crypto\/debagg\/contents\/storage\/.gitkeep","http_code":200,"time":"0.342s"}
2026-02-06T10:49:27+03:00 [INFO] [System] GitHub API request {"endpoint":"repos\/diskeyster-crypto\/debagg\/contents\/storage\/.installed","http_code":200,"time":"0.314s"}
2026-02-06T10:49:29+03:00 [INFO] [System] GitHub API request {"endpoint":"repos\/diskeyster-crypto\/debagg\/contents\/storage\/cron.log","http_code":200,"time":"0.346s"}
2026-02-06T10:49:30+03:00 [INFO] [System] GitHub API request {"endpoint":"repos\/diskeyster-crypto\/debagg\/contents\/storage\/data.json","http_code":200,"time":"0.458s"}
2026-02-06T10:49:32+03:00 [INFO] [System] GitHub API request {"endpoint":"repos\/diskeyster-crypto\/debagg\/contents\/storage\/initial_credentials.txt","http_code":200,"time":"0.325s"}
2026-02-06T10:49:34+03:00 [INFO] [System] GitHub API request {"endpoint":"repos\/diskeyster-crypto\/debagg\/contents\/storage\/keys.json","http_code":200,"time":"0.332s"}
2026-02-06T10:49:36+03:00 [INFO] [System] GitHub API request {"endpoint":"repos\/diskeyster-crypto\/debagg\/contents\/scripts\/bybit_diagnostic.php","http_code":200,"time":"0.423s"}
2026-02-06T10:49:51+03:00 [INFO] [System] GitHub API request {"endpoint":"repos\/diskeyster-crypto\/debagg\/contents\/index.php","http_code":200,"time":"0.672s"}
2026-02-06T10:49:54+03:00 [INFO] [System] GitHub API request {"endpoint":"repos\/diskeyster-crypto\/debagg\/contents\/storage\/bybit\/parsers\/parser_4_analyzer\/blocklist.json","http_code":200,"time":"0.312s"}
2026-02-06T10:49:55+03:00 [INFO] [System] GitHub API request {"endpoint":"repos\/diskeyster-crypto\/debagg\/contents\/storage\/bybit\/parsers\/parser_4_analyzer\/candidates.json","http_code":200,"time":"0.357s"}
2026-02-06T10:49:57+03:00 [INFO] [System] GitHub API request {"endpoint":"repos\/diskeyster-crypto\/debagg\/contents\/storage\/bybit\/parsers\/parser_4_analyzer\/last_run.json","http_code":200,"time":"0.315s"}
2026-02-06T10:49:59+03:00 [INFO] [System] GitHub API request {"endpoint":"repos\/diskeyster-crypto\/debagg\/contents\/storage\/bybit\/parsers\/parser_4_analyzer\/watchlist.json","http_code":200,"time":"0.31s"}
2026-02-06T10:50:01+03:00 [INFO] [System] GitHub API request {"endpoint":"repos\/diskeyster-crypto\/debagg\/contents\/storage\/cron\/registry.php","http_code":200,"time":"0.3s"}
2026-02-06T10:50:02+03:00 [INFO] [System] GitHub API request {"endpoint":"repos\/diskeyster-crypto\/debagg\/contents\/storage\/logs\/parser4_analyzer.log","http_code":200,"time":"0.381s"}
2026-02-06T10:50:04+03:00 [INFO] [System] GitHub API request {"endpoint":"repos\/diskeyster-crypto\/debagg\/contents\/storage\/system\/migrations\/1.0.0.php","http_code":200,"time":"0.339s"}
2026-02-06T10:50:06+03:00 [INFO] [System] GitHub API request {"endpoint":"repos\/diskeyster-crypto\/debagg\/contents\/storage\/system\/migrations\/1.1.0.php","http_code":200,"time":"0.323s"}
2026-02-06T10:50:08+03:00 [INFO] [System] GitHub API request {"endpoint":"repos\/diskeyster-crypto\/debagg\/contents\/storage\/system\/migrations\/1.2.0.php","http_code":200,"time":"0.348s"}
2026-02-06T10:50:10+03:00 [INFO] [System] GitHub API request {"endpoint":"repos\/diskeyster-crypto\/debagg\/contents\/storage\/system\/themes\/system-dark\/base.css","http_code":200,"time":"0.343s"}
2026-02-06T10:50:11+03:00 [INFO] [System] GitHub API request {"endpoint":"repos\/diskeyster-crypto\/debagg\/contents\/storage\/system\/themes\/system-dark\/components.css","http_code":200,"time":"0.313s"}
2026-02-06T10:50:13+03:00 [INFO] [System] GitHub API request {"endpoint":"repos\/diskeyster-crypto\/debagg\/contents\/storage\/system\/themes\/system-dark\/layout.css","http_code":200,"time":"0.324s"}
2026-02-06T10:50:15+03:00 [INFO] [System] GitHub API request {"endpoint":"repos\/diskeyster-crypto\/debagg\/contents\/storage\/system\/themes\/system-dark\/theme.json","http_code":200,"time":"0.359s"}
2026-02-06T10:50:16+03:00 [INFO] [System] GitHub API request {"endpoint":"repos\/diskeyster-crypto\/debagg\/contents\/storage\/system\/themes\/system-light\/base.css","http_code":200,"time":"0.342s"}
2026-02-06T10:50:18+03:00 [INFO] [System] GitHub API request {"endpoint":"repos\/diskeyster-crypto\/debagg\/contents\/storage\/system\/themes\/system-light\/components.css","http_code":200,"time":"0.344s"}
2026-02-06T10:50:20+03:00 [INFO] [System] GitHub API request {"endpoint":"repos\/diskeyster-crypto\/debagg\/contents\/storage\/system\/themes\/system-light\/layout.css","http_code":200,"time":"0.335s"}
2026-02-06T10:50:22+03:00 [INFO] [System] GitHub API request {"endpoint":"repos\/diskeyster-crypto\/debagg\/contents\/storage\/system\/themes\/system-light\/theme.json","http_code":200,"time":"0.321s"}
2026-02-06T10:50:24+03:00 [INFO] [System] GitHub API request {"endpoint":"repos\/diskeyster-crypto\/debagg\/contents\/storage\/system\/migrations.php","http_code":200,"time":"0.313s"}
2026-02-06T10:50:25+03:00 [INFO] [System] GitHub API request {"endpoint":"repos\/diskeyster-crypto\/debagg\/contents\/storage\/system\/state.php","http_code":200,"time":"0.309s"}
2026-02-06T10:50:27+03:00 [INFO] [System] GitHub API request {"endpoint":"repos\/diskeyster-crypto\/debagg\/contents\/storage\/system\/users.php","http_code":200,"time":"0.324s"}
2026-02-06T10:50:29+03:00 [INFO] [System] GitHub API request {"endpoint":"repos\/diskeyster-crypto\/debagg\/contents\/storage\/.encryption_key","http_code":200,"time":"0.289s"}
2026-02-06T10:50:31+03:00 [INFO] [System] GitHub API request {"endpoint":"repos\/diskeyster-crypto\/debagg\/contents\/storage\/.gitkeep","http_code":200,"time":"0.325s"}
2026-02-06T10:50:32+03:00 [INFO] [System] GitHub API request {"endpoint":"repos\/diskeyster-crypto\/debagg\/contents\/storage\/.installed","http_code":200,"time":"0.329s"}
2026-02-06T10:50:34+03:00 [INFO] [System] GitHub API request {"endpoint":"repos\/diskeyster-crypto\/debagg\/contents\/storage\/cron.log","http_code":200,"time":"0.319s"}
2026-02-06T10:50:36+03:00 [INFO] [System] GitHub API request {"endpoint":"repos\/diskeyster-crypto\/debagg\/contents\/storage\/data.json","http_code":200,"time":"0.386s"}
2026-02-06T10:50:38+03:00 [INFO] [System] GitHub API request {"endpoint":"repos\/diskeyster-crypto\/debagg\/contents\/storage\/initial_credentials.txt","http_code":200,"time":"0.3s"}
2026-02-06T10:50:40+03:00 [INFO] [System] GitHub API request {"endpoint":"repos\/diskeyster-crypto\/debagg\/contents\/storage\/keys.json","http_code":200,"time":"0.525s"}
2026-02-06T10:50:41+03:00 [INFO] [System] GitHub API request {"endpoint":"repos\/diskeyster-crypto\/debagg\/contents\/scripts\/bybit_diagnostic.php","http_code":200,"time":"0.415s"}
2026-02-06T10:51:09+03:00 [INFO] [System] GitHub API request {"endpoint":"repos\/diskeyster-crypto\/debagg\/contents\/runtime\/cache\/.gitkeep","http_code":200,"time":"0.322s"}
2026-02-06T10:51:10+03:00 [INFO] [System] GitHub API request {"endpoint":"repos\/diskeyster-crypto\/debagg\/contents\/runtime\/logs\/.gitkeep","http_code":200,"time":"0.315s"}
2026-02-06T10:51:13+03:00 [INFO] [System] GitHub API request {"endpoint":"repos\/diskeyster-crypto\/debagg\/contents\/runtime\/logs\/cron.log","http_code":200,"time":"0.553s"}
2026-02-07T06:38:35+03:00 [INFO] [System] GitHub API request {"endpoint":"repos\/diskeyster-crypto\/debagg","http_code":200,"time":"0.438s"}
2026-02-07T06:38:35+03:00 [INFO] [System] GitHub API request {"endpoint":"repos\/diskeyster-crypto\/debagg\/commits","http_code":200,"time":"0.37s"}
2026-02-07T07:06:49+03:00 [INFO] [System] GitHub API request {"endpoint":"repos\/diskeyster-crypto\/debagg","http_code":200,"time":"0.37s"}
2026-02-07T07:06:49+03:00 [INFO] [System] GitHub API request {"endpoint":"repos\/diskeyster-crypto\/debagg\/commits","http_code":200,"time":"0.387s"}
2026-02-07T07:06:55+03:00 [INFO] [System] GitHub API request {"endpoint":"repos\/diskeyster-crypto\/debagg","http_code":200,"time":"0.412s"}
2026-02-07T07:06:56+03:00 [INFO] [System] GitHub API request {"endpoint":"repos\/diskeyster-crypto\/debagg\/commits","http_code":200,"time":"0.342s"}
2026-02-07T07:09:19+03:00 [INFO] [System] GitHub API request {"endpoint":"repos\/diskeyster-crypto\/debagg\/commits","http_code":200,"time":"0.683s"}
2026-02-07T07:09:19+03:00 [INFO] [System] GitHub API request {"endpoint":"repos\/diskeyster-crypto\/debagg\/releases\/latest","http_code":404,"time":"0.392s"}
2026-02-07T07:09:21+03:00 [INFO] [System] GitHub API request {"endpoint":"user\/repos","http_code":200,"time":"0.559s"}
2026-02-07T07:09:22+03:00 [INFO] [System] GitHub API request {"endpoint":"repos\/diskeyster-crypto\/debagg\/branches","http_code":200,"time":"0.371s"}
2026-02-07T07:14:15+03:00 [INFO] [System] GitHub API request {"endpoint":"repos\/diskeyster-crypto\/debagg","http_code":200,"time":"0.379s"}
2026-02-07T07:14:15+03:00 [INFO] [System] GitHub API request {"endpoint":"repos\/diskeyster-crypto\/debagg\/commits","http_code":200,"time":"0.339s"}
2026-02-07T07:14:19+03:00 [INFO] [System] GitHub API request {"endpoint":"repos\/diskeyster-crypto\/debagg\/commits","http_code":200,"time":"0.653s"}
2026-02-07T07:14:19+03:00 [INFO] [System] GitHub API request {"endpoint":"repos\/diskeyster-crypto\/debagg\/releases\/latest","http_code":404,"time":"0.361s"}
2026-02-07T07:14:21+03:00 [INFO] [System] GitHub API request {"endpoint":"user\/repos","http_code":200,"time":"0.647s"}
2026-02-07T07:14:22+03:00 [INFO] [System] GitHub API request {"endpoint":"repos\/diskeyster-crypto\/debagg\/branches","http_code":200,"time":"0.342s"}
2026-02-07T11:32:47+03:00 [INFO] [System] GitHub API request {"endpoint":"repos\/diskeyster-crypto\/debagg\/commits","http_code":200,"time":"0.73s"}
2026-02-07T11:32:47+03:00 [INFO] [System] GitHub API request {"endpoint":"repos\/diskeyster-crypto\/debagg\/releases\/latest","http_code":404,"time":"0.37s"}
2026-02-07T11:32:49+03:00 [INFO] [System] GitHub API request {"endpoint":"user\/repos","http_code":200,"time":"0.714s"}
2026-02-07T11:32:50+03:00 [INFO] [System] GitHub API request {"endpoint":"repos\/diskeyster-crypto\/debagg\/branches","http_code":200,"time":"0.357s"}
2026-02-07T11:32:55+03:00 [INFO] [System] GitHub API request {"endpoint":"repos\/diskeyster-crypto\/debagg","http_code":200,"time":"0.413s"}
2026-02-07T11:32:56+03:00 [INFO] [System] GitHub API request {"endpoint":"repos\/diskeyster-crypto\/debagg\/commits","http_code":200,"time":"0.381s"}
2026-02-07T11:55:02+03:00 [INFO] [System] GitHub API request {"endpoint":"repos\/diskeyster-crypto\/debagg","http_code":200,"time":"0.387s"}
2026-02-07T11:55:02+03:00 [INFO] [System] GitHub API request {"endpoint":"repos\/diskeyster-crypto\/debagg\/commits","http_code":200,"time":"0.381s"}
2026-02-07T11:55:06+03:00 [INFO] [System] GitHub API request {"endpoint":"repos\/diskeyster-crypto\/debagg","http_code":200,"time":"0.381s"}
2026-02-07T11:55:07+03:00 [INFO] [System] GitHub API request {"endpoint":"repos\/diskeyster-crypto\/debagg\/commits","http_code":200,"time":"0.345s"}
2026-02-07T12:53:04+03:00 [INFO] [System] GitHub API request {"endpoint":"repos\/diskeyster-crypto\/debagg","http_code":200,"time":"0.385s"}
2026-02-07T12:53:04+03:00 [INFO] [System] GitHub API request {"endpoint":"repos\/diskeyster-crypto\/debagg\/commits","http_code":200,"time":"0.587s"}
2026-02-07T14:03:01+03:00 [INFO] [System] GitHub API request {"endpoint":"repos\/diskeyster-crypto\/debagg","http_code":200,"time":"0.397s"}
2026-02-07T14:03:01+03:00 [INFO] [System] GitHub API request {"endpoint":"repos\/diskeyster-crypto\/debagg\/commits","http_code":200,"time":"0.398s"}
2026-02-07T14:03:10+03:00 [INFO] [System] GitHub API request {"endpoint":"user\/repos","http_code":200,"time":"0.72s"}
2026-02-07T14:03:20+03:00 [INFO] [System] GitHub API request {"endpoint":"repos\/diskeyster-crypto\/debagg\/branches","http_code":200,"time":"0.502s"}
2026-02-07T14:04:02+03:00 [INFO] [System] GitHub API request {"endpoint":"repos\/diskeyster-crypto\/debagg\/contents\/index.php","http_code":200,"time":"0.402s"}
2026-02-07T14:04:05+03:00 [INFO] [System] GitHub API request {"endpoint":"repos\/diskeyster-crypto\/debagg\/contents\/.htaccess","http_code":200,"time":"0.319s"}
2026-02-07T14:04:06+03:00 [INFO] [System] GitHub API request {"endpoint":"repos\/diskeyster-crypto\/debagg\/contents\/storage\/bybit\/parsers\/parser_4_analyzer\/blocklist.json","http_code":200,"time":"0.314s"}
2026-02-07T14:04:08+03:00 [INFO] [System] GitHub API request {"endpoint":"repos\/diskeyster-crypto\/debagg\/contents\/storage\/bybit\/parsers\/parser_4_analyzer\/candidates.json","http_code":200,"time":"0.45s"}
2026-02-07T14:04:10+03:00 [INFO] [System] GitHub API request {"endpoint":"repos\/diskeyster-crypto\/debagg\/contents\/storage\/bybit\/parsers\/parser_4_analyzer\/last_run.json","http_code":200,"time":"0.331s"}
2026-02-07T14:04:12+03:00 [INFO] [System] GitHub API request {"endpoint":"repos\/diskeyster-crypto\/debagg\/contents\/storage\/bybit\/parsers\/parser_4_analyzer\/watchlist.json","http_code":200,"time":"0.327s"}
2026-02-07T14:04:14+03:00 [INFO] [System] GitHub API request {"endpoint":"repos\/diskeyster-crypto\/debagg\/contents\/storage\/cron\/registry.php","http_code":200,"time":"0.302s"}
2026-02-07T14:04:16+03:00 [INFO] [System] GitHub API request {"endpoint":"repos\/diskeyster-crypto\/debagg\/contents\/storage\/logs\/parser4_analyzer.log","http_code":200,"time":"0.332s"}
2026-02-07T14:04:18+03:00 [INFO] [System] GitHub API request {"endpoint":"repos\/diskeyster-crypto\/debagg\/contents\/storage\/system\/migrations\/1.0.0.php","http_code":200,"time":"0.321s"}
2026-02-07T14:04:20+03:00 [INFO] [System] GitHub API request {"endpoint":"repos\/diskeyster-crypto\/debagg\/contents\/storage\/system\/migrations\/1.1.0.php","http_code":200,"time":"0.336s"}
2026-02-07T14:04:22+03:00 [INFO] [System] GitHub API request {"endpoint":"repos\/diskeyster-crypto\/debagg\/contents\/storage\/system\/migrations\/1.2.0.php","http_code":200,"time":"0.316s"}
2026-02-07T14:04:24+03:00 [INFO] [System] GitHub API request {"endpoint":"repos\/diskeyster-crypto\/debagg\/contents\/storage\/system\/themes\/system-dark\/base.css","http_code":200,"time":"0.332s"}
2026-02-07T14:04:26+03:00 [INFO] [System] GitHub API request {"endpoint":"repos\/diskeyster-crypto\/debagg\/contents\/storage\/system\/themes\/system-dark\/components.css","http_code":200,"time":"0.312s"}
2026-02-07T14:04:28+03:00 [INFO] [System] GitHub API request {"endpoint":"repos\/diskeyster-crypto\/debagg\/contents\/storage\/system\/themes\/system-dark\/layout.css","http_code":200,"time":"0.321s"}
2026-02-07T14:04:30+03:00 [INFO] [System] GitHub API request {"endpoint":"repos\/diskeyster-crypto\/debagg\/contents\/storage\/system\/themes\/system-dark\/theme.json","http_code":200,"time":"0.362s"}
2026-02-07T14:04:32+03:00 [INFO] [System] GitHub API request {"endpoint":"repos\/diskeyster-crypto\/debagg\/contents\/storage\/system\/themes\/system-light\/base.css","http_code":200,"time":"0.335s"}
2026-02-07T14:04:33+03:00 [INFO] [System] GitHub API request {"endpoint":"repos\/diskeyster-crypto\/debagg\/contents\/storage\/system\/themes\/system-light\/components.css","http_code":200,"time":"0.315s"}
2026-02-07T14:04:35+03:00 [INFO] [System] GitHub API request {"endpoint":"repos\/diskeyster-crypto\/debagg\/contents\/storage\/system\/themes\/system-light\/layout.css","http_code":200,"time":"0.328s"}
2026-02-07T14:04:37+03:00 [INFO] [System] GitHub API request {"endpoint":"repos\/diskeyster-crypto\/debagg\/contents\/storage\/system\/themes\/system-light\/theme.json","http_code":200,"time":"0.347s"}
2026-02-07T14:04:39+03:00 [INFO] [System] GitHub API request {"endpoint":"repos\/diskeyster-crypto\/debagg\/contents\/storage\/system\/migrations.php","http_code":200,"time":"0.319s"}
2026-02-07T14:04:41+03:00 [INFO] [System] GitHub API request {"endpoint":"repos\/diskeyster-crypto\/debagg\/contents\/storage\/system\/state.php","http_code":200,"time":"0.347s"}
2026-02-07T14:04:43+03:00 [INFO] [System] GitHub API request {"endpoint":"repos\/diskeyster-crypto\/debagg\/contents\/storage\/system\/users.php","http_code":200,"time":"0.343s"}
2026-02-07T14:04:45+03:00 [INFO] [System] GitHub API request {"endpoint":"repos\/diskeyster-crypto\/debagg\/contents\/storage\/.encryption_key","http_code":200,"time":"0.319s"}
2026-02-07T14:04:47+03:00 [INFO] [System] GitHub API request {"endpoint":"repos\/diskeyster-crypto\/debagg\/contents\/storage\/.gitkeep","http_code":200,"time":"0.335s"}
2026-02-07T14:04:49+03:00 [INFO] [System] GitHub API request {"endpoint":"repos\/diskeyster-crypto\/debagg\/contents\/storage\/.installed","http_code":200,"time":"0.325s"}
2026-02-07T14:04:50+03:00 [INFO] [System] GitHub API request {"endpoint":"repos\/diskeyster-crypto\/debagg\/contents\/storage\/cron.log","http_code":200,"time":"0.336s"}
2026-02-07T14:04:53+03:00 [INFO] [System] GitHub API request {"endpoint":"repos\/diskeyster-crypto\/debagg\/contents\/storage\/data.json","http_code":200,"time":"0.513s"}
2026-02-07T14:04:55+03:00 [INFO] [System] GitHub API request {"endpoint":"repos\/diskeyster-crypto\/debagg\/contents\/storage\/initial_credentials.txt","http_code":200,"time":"0.342s"}
2026-02-07T14:04:57+03:00 [INFO] [System] GitHub API request {"endpoint":"repos\/diskeyster-crypto\/debagg\/contents\/storage\/keys.json","http_code":200,"time":"0.33s"}
2026-02-07T14:04:59+03:00 [INFO] [System] GitHub API request {"endpoint":"repos\/diskeyster-crypto\/debagg\/contents\/scripts\/bybit_diagnostic.php","http_code":200,"time":"0.416s"}
2026-02-07T14:05:02+03:00 [INFO] [System] GitHub API request {"endpoint":"repos\/diskeyster-crypto\/debagg\/contents\/runtime\/cache\/.gitkeep","http_code":200,"time":"0.517s"}
2026-02-07T14:05:04+03:00 [INFO] [System] GitHub API request {"endpoint":"repos\/diskeyster-crypto\/debagg\/contents\/runtime\/logs\/.gitkeep","http_code":200,"time":"0.517s"}
2026-02-07T14:05:06+03:00 [INFO] [System] GitHub API request {"endpoint":"repos\/diskeyster-crypto\/debagg\/contents\/runtime\/logs\/cron.log","http_code":200,"time":"0.747s"}
2026-02-08T11:38:37+03:00 [INFO] [System] GitHub API request {"endpoint":"repos\/diskeyster-crypto\/debagg","http_code":200,"time":"0.406s"}
2026-02-08T11:38:37+03:00 [INFO] [System] GitHub API request {"endpoint":"repos\/diskeyster-crypto\/debagg\/commits","http_code":200,"time":"0.374s"}
2026-02-08T11:41:58+03:00 [INFO] [System] GitHub API request {"endpoint":"repos\/diskeyster-crypto\/debagg","http_code":200,"time":"0.396s"}
2026-02-08T11:41:59+03:00 [INFO] [System] GitHub API request {"endpoint":"repos\/diskeyster-crypto\/debagg\/commits","http_code":200,"time":"0.382s"}
2026-02-08T12:30:51+03:00 [INFO] [System] GitHub API request {"endpoint":"repos\/diskeyster-crypto\/debagg","http_code":200,"time":"0.399s"}
2026-02-08T12:30:51+03:00 [INFO] [System] GitHub API request {"endpoint":"repos\/diskeyster-crypto\/debagg\/commits","http_code":200,"time":"0.363s"}
2026-02-08T12:30:58+03:00 [INFO] [System] GitHub API request {"endpoint":"user\/repos","http_code":200,"time":"0.663s"}
2026-02-08T12:31:06+03:00 [INFO] [System] GitHub API request {"endpoint":"repos\/diskeyster-crypto\/debagg\/branches","http_code":200,"time":"0.358s"}
2026-02-08T12:32:06+03:00 [INFO] [System] GitHub API request {"endpoint":"repos\/diskeyster-crypto\/debagg\/contents\/admin\/assets\/css\/style.css","http_code":200,"time":"0.336s"}
2026-02-08T12:32:08+03:00 [INFO] [System] GitHub API request {"endpoint":"repos\/diskeyster-crypto\/debagg\/contents\/admin\/assets\/css\/ui.css","http_code":200,"time":"0.441s"}
2026-02-08T12:32:10+03:00 [INFO] [System] GitHub API request {"endpoint":"repos\/diskeyster-crypto\/debagg\/contents\/admin\/assets\/js\/app.js","http_code":200,"time":"0.375s"}
2026-02-08T12:32:12+03:00 [INFO] [System] GitHub API request {"endpoint":"repos\/diskeyster-crypto\/debagg\/contents\/admin\/views\/cron.php","http_code":200,"time":"0.371s"}
2026-02-08T12:32:14+03:00 [INFO] [System] GitHub API request {"endpoint":"repos\/diskeyster-crypto\/debagg\/contents\/admin\/views\/dashboard.php","http_code":200,"time":"0.335s"}
2026-02-08T12:32:16+03:00 [INFO] [System] GitHub API request {"endpoint":"repos\/diskeyster-crypto\/debagg\/contents\/admin\/views\/layout.php","http_code":200,"time":"0.431s"}
2026-02-08T12:32:18+03:00 [INFO] [System] GitHub API request {"endpoint":"repos\/diskeyster-crypto\/debagg\/contents\/admin\/views\/login.php","http_code":200,"time":"0.307s"}
2026-02-08T12:32:20+03:00 [INFO] [System] GitHub API request {"endpoint":"repos\/diskeyster-crypto\/debagg\/contents\/admin\/views\/logs.php","http_code":200,"time":"0.308s"}
2026-02-08T12:32:22+03:00 [INFO] [System] GitHub API request {"endpoint":"repos\/diskeyster-crypto\/debagg\/contents\/admin\/views\/modules.php","http_code":200,"time":"0.323s"}
2026-02-08T12:32:24+03:00 [INFO] [System] GitHub API request {"endpoint":"repos\/diskeyster-crypto\/debagg\/contents\/admin\/views\/storage.php","http_code":200,"time":"0.317s"}
2026-02-08T12:32:26+03:00 [INFO] [System] GitHub API request {"endpoint":"repos\/diskeyster-crypto\/debagg\/contents\/admin\/views\/update.php","http_code":200,"time":"0.409s"}
2026-02-08T12:32:28+03:00 [INFO] [System] GitHub API request {"endpoint":"repos\/diskeyster-crypto\/debagg\/contents\/admin\/index.php","http_code":200,"time":"0.324s"}
2026-02-08T12:32:30+03:00 [INFO] [System] GitHub API request {"endpoint":"repos\/diskeyster-crypto\/debagg\/contents\/config\/bybit.php","http_code":200,"time":"0.303s"}
2026-02-08T12:32:32+03:00 [INFO] [System] GitHub API request {"endpoint":"repos\/diskeyster-crypto\/debagg\/contents\/config\/cron.php","http_code":200,"time":"0.357s"}
2026-02-08T12:32:34+03:00 [INFO] [System] GitHub API request {"endpoint":"repos\/diskeyster-crypto\/debagg\/contents\/config\/github.php","http_code":200,"time":"0.31s"}
2026-02-08T12:32:36+03:00 [INFO] [System] GitHub API request {"endpoint":"repos\/diskeyster-crypto\/debagg\/contents\/config\/storage.php","http_code":200,"time":"0.335s"}
2026-02-08T12:32:37+03:00 [INFO] [System] GitHub API request {"endpoint":"repos\/diskeyster-crypto\/debagg\/contents\/config\/system.php","http_code":200,"time":"0.312s"}
2026-02-08T12:32:39+03:00 [INFO] [System] GitHub API request {"endpoint":"repos\/diskeyster-crypto\/debagg\/contents\/core\/auth\/auth.php","http_code":200,"time":"0.428s"}
2026-02-08T12:32:41+03:00 [INFO] [System] GitHub API request {"endpoint":"repos\/diskeyster-crypto\/debagg\/contents\/core\/auth\/authmanager.php","http_code":200,"time":"0.396s"}
2026-02-08T12:32:43+03:00 [INFO] [System] GitHub API request {"endpoint":"repos\/diskeyster-crypto\/debagg\/contents\/core\/config\/logs\/configguard.log","http_code":200,"time":"0.357s"}
2026-02-08T12:32:45+03:00 [INFO] [System] GitHub API request {"endpoint":"repos\/diskeyster-crypto\/debagg\/contents\/core\/config\/tests\/configguard_test.php","http_code":200,"time":"0.377s"}
2026-02-08T12:32:48+03:00 [INFO] [System] GitHub API request {"endpoint":"repos\/diskeyster-crypto\/debagg\/contents\/core\/config\/configguard.php","http_code":200,"time":"0.417s"}
2026-02-08T12:32:50+03:00 [INFO] [System] GitHub API request {"endpoint":"repos\/diskeyster-crypto\/debagg\/contents\/core\/cron\/cronmanager.php","http_code":200,"time":"0.4s"}
2026-02-08T12:32:52+03:00 [INFO] [System] GitHub API request {"endpoint":"repos\/diskeyster-crypto\/debagg\/contents\/core\/gateway\/bybit.php","http_code":200,"time":"0.399s"}
2026-02-08T12:32:54+03:00 [INFO] [System] GitHub API request {"endpoint":"repos\/diskeyster-crypto\/debagg\/contents\/core\/gateway\/gatewayinterface.php","http_code":200,"time":"0.312s"}
2026-02-08T12:32:56+03:00 [INFO] [System] GitHub API request {"endpoint":"repos\/diskeyster-crypto\/debagg\/contents\/core\/keycenter\/keycenter.php","http_code":200,"time":"0.374s"}
2026-02-08T12:32:58+03:00 [INFO] [System] GitHub API request {"endpoint":"repos\/diskeyster-crypto\/debagg\/contents\/core\/logger\/logger.php","http_code":200,"time":"0.35s"}
2026-02-08T12:33:00+03:00 [INFO] [System] GitHub API request {"endpoint":"repos\/diskeyster-crypto\/debagg\/contents\/core\/module\/modulemanager.php","http_code":200,"time":"0.425s"}
2026-02-08T12:33:02+03:00 [INFO] [System] GitHub API request {"endpoint":"repos\/diskeyster-crypto\/debagg\/contents\/core\/router\/middleware.php","http_code":200,"time":"0.33s"}
2026-02-08T12:33:04+03:00 [INFO] [System] GitHub API request {"endpoint":"repos\/diskeyster-crypto\/debagg\/contents\/core\/router\/router.php","http_code":200,"time":"0.379s"}
2026-02-08T12:33:07+03:00 [INFO] [System] GitHub API request {"endpoint":"repos\/diskeyster-crypto\/debagg\/contents\/core\/router\/zones.php","http_code":200,"time":"0.338s"}
2026-02-08T12:33:09+03:00 [INFO] [System] GitHub API request {"endpoint":"repos\/diskeyster-crypto\/debagg\/contents\/core\/storage\/jsonstorage.php","http_code":200,"time":"0.319s"}
2026-02-08T12:33:10+03:00 [INFO] [System] GitHub API request {"endpoint":"repos\/diskeyster-crypto\/debagg\/contents\/core\/storage\/mysqlstorage.php","http_code":200,"time":"0.341s"}
2026-02-08T12:33:12+03:00 [INFO] [System] GitHub API request {"endpoint":"repos\/diskeyster-crypto\/debagg\/contents\/core\/storage\/sqlitestorage.php","http_code":200,"time":"0.318s"}
2026-02-08T12:33:14+03:00 [INFO] [System] GitHub API request {"endpoint":"repos\/diskeyster-crypto\/debagg\/contents\/core\/storage\/storageinterface.php","http_code":200,"time":"0.339s"}
2026-02-08T12:33:16+03:00 [INFO] [System] GitHub API request {"endpoint":"repos\/diskeyster-crypto\/debagg\/contents\/core\/storage\/storagemanager.php","http_code":200,"time":"0.301s"}
2026-02-08T12:33:18+03:00 [INFO] [System] GitHub API request {"endpoint":"repos\/diskeyster-crypto\/debagg\/contents\/core\/system\/entrypoint.php","http_code":200,"time":"0.375s"}
2026-02-08T12:33:20+03:00 [INFO] [System] GitHub API request {"endpoint":"repos\/diskeyster-crypto\/debagg\/contents\/core\/system\/system.php","http_code":200,"time":"0.403s"}
2026-02-08T12:33:22+03:00 [INFO] [System] GitHub API request {"endpoint":"repos\/diskeyster-crypto\/debagg\/contents\/core\/system\/systemconfig.php","http_code":200,"time":"0.329s"}
2026-02-08T12:33:24+03:00 [INFO] [System] GitHub API request {"endpoint":"repos\/diskeyster-crypto\/debagg\/contents\/core\/system\/systemenv.php","http_code":200,"time":"0.366s"}
2026-02-08T12:33:26+03:00 [INFO] [System] GitHub API request {"endpoint":"repos\/diskeyster-crypto\/debagg\/contents\/core\/system\/systemerror.php","http_code":200,"time":"0.359s"}
2026-02-08T12:33:28+03:00 [INFO] [System] GitHub API request {"endpoint":"repos\/diskeyster-crypto\/debagg\/contents\/core\/system\/systemevents.php","http_code":200,"time":"0.323s"}
2026-02-08T12:33:30+03:00 [INFO] [System] GitHub API request {"endpoint":"repos\/diskeyster-crypto\/debagg\/contents\/core\/system\/systemmigration.php","http_code":200,"time":"0.442s"}
2026-02-08T12:33:32+03:00 [INFO] [System] GitHub API request {"endpoint":"repos\/diskeyster-crypto\/debagg\/contents\/core\/system\/systempaths.php","http_code":200,"time":"0.342s"}
2026-02-08T12:33:34+03:00 [INFO] [System] GitHub API request {"endpoint":"repos\/diskeyster-crypto\/debagg\/contents\/core\/system\/systempaths_bootstrap.php","http_code":200,"time":"0.337s"}
2026-02-08T12:33:36+03:00 [INFO] [System] GitHub API request {"endpoint":"repos\/diskeyster-crypto\/debagg\/contents\/core\/system\/systemruntime.php","http_code":200,"time":"0.33s"}
2026-02-08T12:33:38+03:00 [INFO] [System] GitHub API request {"endpoint":"repos\/diskeyster-crypto\/debagg\/contents\/core\/system\/systemstate.php","http_code":200,"time":"0.396s"}
2026-02-08T12:33:40+03:00 [INFO] [System] GitHub API request {"endpoint":"repos\/diskeyster-crypto\/debagg\/contents\/core\/system\/systemversion.php","http_code":200,"time":"0.323s"}
2026-02-08T12:33:42+03:00 [INFO] [System] GitHub API request {"endpoint":"repos\/diskeyster-crypto\/debagg\/contents\/core\/system\/url.php","http_code":200,"time":"0.31s"}
2026-02-08T12:33:44+03:00 [INFO] [System] GitHub API request {"endpoint":"repos\/diskeyster-crypto\/debagg\/contents\/core\/view\/viewengine.php","http_code":200,"time":"0.41s"}
2026-02-08T12:33:46+03:00 [INFO] [System] GitHub API request {"endpoint":"repos\/diskeyster-crypto\/debagg\/contents\/core\/bootstrap.php","http_code":200,"time":"0.319s"}
2026-02-08T12:33:48+03:00 [INFO] [System] GitHub API request {"endpoint":"repos\/diskeyster-crypto\/debagg\/contents\/index.php","http_code":200,"time":"0.429s"}
2026-02-08T12:33:50+03:00 [INFO] [System] GitHub API request {"endpoint":"repos\/diskeyster-crypto\/debagg\/contents\/.htaccess","http_code":200,"time":"0.341s"}
2026-02-08T12:33:52+03:00 [INFO] [System] GitHub API request {"endpoint":"repos\/diskeyster-crypto\/debagg\/contents\/storage\/bybit\/parsers\/parser_4_analyzer\/blocklist.json","http_code":200,"time":"0.315s"}
2026-02-08T12:33:54+03:00 [INFO] [System] GitHub API request {"endpoint":"repos\/diskeyster-crypto\/debagg\/contents\/storage\/bybit\/parsers\/parser_4_analyzer\/candidates.json","http_code":200,"time":"0.341s"}
2026-02-08T12:33:56+03:00 [INFO] [System] GitHub API request {"endpoint":"repos\/diskeyster-crypto\/debagg\/contents\/storage\/bybit\/parsers\/parser_4_analyzer\/last_run.json","http_code":200,"time":"0.317s"}
2026-02-08T12:33:58+03:00 [INFO] [System] GitHub API request {"endpoint":"repos\/diskeyster-crypto\/debagg\/contents\/storage\/bybit\/parsers\/parser_4_analyzer\/watchlist.json","http_code":200,"time":"0.367s"}
2026-02-08T12:34:00+03:00 [INFO] [System] GitHub API request {"endpoint":"repos\/diskeyster-crypto\/debagg\/contents\/storage\/cron\/registry.php","http_code":200,"time":"0.506s"}
2026-02-08T12:34:02+03:00 [INFO] [System] GitHub API request {"endpoint":"repos\/diskeyster-crypto\/debagg\/contents\/storage\/logs\/parser4_analyzer.log","http_code":200,"time":"0.311s"}
2026-02-08T12:34:04+03:00 [INFO] [System] GitHub API request {"endpoint":"repos\/diskeyster-crypto\/debagg\/contents\/storage\/system\/migrations\/1.0.0.php","http_code":200,"time":"0.336s"}
2026-02-08T12:34:06+03:00 [INFO] [System] GitHub API request {"endpoint":"repos\/diskeyster-crypto\/debagg\/contents\/storage\/system\/migrations\/1.1.0.php","http_code":200,"time":"0.316s"}
2026-02-08T12:34:08+03:00 [INFO] [System] GitHub API request {"endpoint":"repos\/diskeyster-crypto\/debagg\/contents\/storage\/system\/migrations\/1.2.0.php","http_code":200,"time":"0.357s"}
2026-02-08T12:34:10+03:00 [INFO] [System] GitHub API request {"endpoint":"repos\/diskeyster-crypto\/debagg\/contents\/storage\/system\/themes\/system-dark\/base.css","http_code":200,"time":"0.307s"}
2026-02-08T12:34:12+03:00 [INFO] [System] GitHub API request {"endpoint":"repos\/diskeyster-crypto\/debagg\/contents\/storage\/system\/themes\/system-dark\/components.css","http_code":200,"time":"0.505s"}
2026-02-08T12:34:14+03:00 [INFO] [System] GitHub API request {"endpoint":"repos\/diskeyster-crypto\/debagg\/contents\/storage\/system\/themes\/system-dark\/layout.css","http_code":200,"time":"0.323s"}
2026-02-08T12:34:16+03:00 [INFO] [System] GitHub API request {"endpoint":"repos\/diskeyster-crypto\/debagg\/contents\/storage\/system\/themes\/system-dark\/theme.json","http_code":200,"time":"0.35s"}
2026-02-08T12:34:18+03:00 [INFO] [System] GitHub API request {"endpoint":"repos\/diskeyster-crypto\/debagg\/contents\/storage\/system\/themes\/system-light\/base.css","http_code":200,"time":"0.326s"}
2026-02-08T12:34:20+03:00 [INFO] [System] GitHub API request {"endpoint":"repos\/diskeyster-crypto\/debagg\/contents\/storage\/system\/themes\/system-light\/components.css","http_code":200,"time":"0.346s"}
2026-02-08T12:34:22+03:00 [INFO] [System] GitHub API request {"endpoint":"repos\/diskeyster-crypto\/debagg\/contents\/storage\/system\/themes\/system-light\/layout.css","http_code":200,"time":"0.312s"}
2026-02-08T12:34:24+03:00 [INFO] [System] GitHub API request {"endpoint":"repos\/diskeyster-crypto\/debagg\/contents\/storage\/system\/themes\/system-light\/theme.json","http_code":200,"time":"0.333s"}
2026-02-08T12:34:26+03:00 [INFO] [System] GitHub API request {"endpoint":"repos\/diskeyster-crypto\/debagg\/contents\/storage\/system\/migrations.php","http_code":200,"time":"0.323s"}
2026-02-08T12:34:28+03:00 [INFO] [System] GitHub API request {"endpoint":"repos\/diskeyster-crypto\/debagg\/contents\/storage\/system\/state.php","http_code":200,"time":"0.501s"}
2026-02-08T12:34:30+03:00 [INFO] [System] GitHub API request {"endpoint":"repos\/diskeyster-crypto\/debagg\/contents\/storage\/system\/users.php","http_code":200,"time":"0.315s"}
2026-02-08T12:34:32+03:00 [INFO] [System] GitHub API request {"endpoint":"repos\/diskeyster-crypto\/debagg\/contents\/storage\/.encryption_key","http_code":200,"time":"0.346s"}
2026-02-08T12:34:34+03:00 [INFO] [System] GitHub API request {"endpoint":"repos\/diskeyster-crypto\/debagg\/contents\/storage\/.gitkeep","http_code":200,"time":"0.326s"}
2026-02-08T12:34:36+03:00 [INFO] [System] GitHub API request {"endpoint":"repos\/diskeyster-crypto\/debagg\/contents\/storage\/.installed","http_code":200,"time":"0.338s"}
2026-02-08T12:34:38+03:00 [INFO] [System] GitHub API request {"endpoint":"repos\/diskeyster-crypto\/debagg\/contents\/storage\/cron.log","http_code":200,"time":"0.341s"}
2026-02-08T12:34:40+03:00 [INFO] [System] GitHub API request {"endpoint":"repos\/diskeyster-crypto\/debagg\/contents\/storage\/data.json","http_code":200,"time":"0.389s"}
2026-02-08T12:34:42+03:00 [INFO] [System] GitHub API request {"endpoint":"repos\/diskeyster-crypto\/debagg\/contents\/storage\/initial_credentials.txt","http_code":200,"time":"0.316s"}
2026-02-08T12:34:44+03:00 [INFO] [System] GitHub API request {"endpoint":"repos\/diskeyster-crypto\/debagg\/contents\/storage\/keys.json","http_code":200,"time":"0.344s"}
2026-02-08T12:34:46+03:00 [INFO] [System] GitHub API request {"endpoint":"repos\/diskeyster-crypto\/debagg\/contents\/scripts\/bybit_diagnostic.php","http_code":200,"time":"0.39s"}
2026-02-08T12:34:48+03:00 [INFO] [System] GitHub API request {"endpoint":"repos\/diskeyster-crypto\/debagg\/contents\/runtime\/cache\/.gitkeep","http_code":200,"time":"0.336s"}
2026-02-08T12:34:50+03:00 [INFO] [System] GitHub API request {"endpoint":"repos\/diskeyster-crypto\/debagg\/contents\/runtime\/logs\/.gitkeep","http_code":200,"time":"0.332s"}
2026-02-08T12:34:53+03:00 [INFO] [System] GitHub API request {"endpoint":"repos\/diskeyster-crypto\/debagg\/contents\/runtime\/logs\/cron.log","http_code":200,"time":"1.043s"}
2026-02-11T18:54:51+03:00 [INFO] [System] GitHub API request {"endpoint":"repos\/diskeyster-crypto\/debagg","http_code":200,"time":"0.449s"}
2026-02-11T18:54:51+03:00 [INFO] [System] GitHub API request {"endpoint":"repos\/diskeyster-crypto\/debagg\/commits","http_code":200,"time":"0.425s"}
2026-02-11T18:55:00+03:00 [INFO] [System] GitHub API request {"endpoint":"repos\/diskeyster-crypto\/debagg\/commits","http_code":200,"time":"0.728s"}
2026-02-11T18:55:01+03:00 [INFO] [System] GitHub API request {"endpoint":"repos\/diskeyster-crypto\/debagg\/compare\/50fa68b7f7e17de43c1524215b867f58842e3bb9...45bf9de0980480faaff832cb537f84f24f7170ac","http_code":200,"time":"1.074s"}
2026-02-11T18:55:01+03:00 [INFO] [System] GitHub API request {"endpoint":"repos\/diskeyster-crypto\/debagg\/releases\/latest","http_code":404,"time":"0.401s"}
2026-02-11T18:55:04+03:00 [INFO] [System] GitHub API request {"endpoint":"user\/repos","http_code":200,"time":"0.862s"}
2026-02-11T18:55:06+03:00 [INFO] [System] GitHub API request {"endpoint":"repos\/diskeyster-crypto\/debagg\/branches","http_code":200,"time":"0.407s"}
2026-02-16T11:16:05+03:00 [INFO] [System] GitHub API request {"endpoint":"repos\/diskeyster-crypto\/debagg\/commits","http_code":200,"time":"0.67s"}
2026-02-16T11:16:06+03:00 [INFO] [System] GitHub API request {"endpoint":"repos\/diskeyster-crypto\/debagg\/compare\/50fa68b7f7e17de43c1524215b867f58842e3bb9...f79f3cac6ffd3e890a059a716c3b190d36710cee","http_code":200,"time":"1.172s"}
2026-02-16T11:16:06+03:00 [INFO] [System] GitHub API request {"endpoint":"repos\/diskeyster-crypto\/debagg\/releases\/latest","http_code":404,"time":"0.35s"}
2026-02-19T17:35:55+03:00 [INFO] [System] GitHub API request {"endpoint":"repos\/diskeyster-crypto\/debagg\/commits","http_code":200,"time":"0.814s"}
2026-02-19T17:35:57+03:00 [INFO] [System] GitHub API request {"endpoint":"repos\/diskeyster-crypto\/debagg\/compare\/50fa68b7f7e17de43c1524215b867f58842e3bb9...f79f3cac6ffd3e890a059a716c3b190d36710cee","http_code":200,"time":"1.479s"}
2026-02-19T17:35:57+03:00 [INFO] [System] GitHub API request {"endpoint":"repos\/diskeyster-crypto\/debagg\/releases\/latest","http_code":404,"time":"0.371s"}
2026-03-11T16:38:46+00:00 [INFO] [System] GitHub API request {"endpoint":"repos\/diskeyster-crypto\/debagg","http_code":200,"time":"0.302s"}
2026-03-11T16:38:46+00:00 [INFO] [System] GitHub API request {"endpoint":"repos\/diskeyster-crypto\/debagg\/commits","http_code":200,"time":"0.321s"}
2026-03-13T13:25:41+00:00 [INFO] [System] GitHub API request {"endpoint":"repos\/diskeyster-crypto\/debagg","http_code":404,"time":"0.179s"}
2026-03-13T13:25:56+00:00 [INFO] [System] GitHub API request {"endpoint":"user\/repos","http_code":200,"time":"0.63s"}
2026-03-13T13:25:57+00:00 [INFO] [System] GitHub API request {"endpoint":"repos\/diskeyster-crypto\/debagg\/branches","http_code":404,"time":"0.171s"}
2026-03-13T13:26:12+00:00 [INFO] [System] GitHub API request {"endpoint":"user\/repos","http_code":200,"time":"0.56s"}
2026-03-13T13:26:23+00:00 [INFO] [System] GitHub API request {"endpoint":"repos\/diskeyster-crypto\/brains\/branches","http_code":200,"time":"0.235s"}
2026-03-13T13:29:01+00:00 [INFO] [System] GitHub API request {"endpoint":"user\/repos","http_code":200,"time":"0.402s"}
2026-03-13T13:29:12+00:00 [INFO] [System] GitHub API request {"endpoint":"repos\/diskeyster-crypto\/brains\/branches","http_code":200,"time":"0.301s"}
2026-03-13T13:29:39+00:00 [INFO] [System] GitHub API request {"endpoint":"repos\/diskeyster-crypto\/brains\/contents\/admin\/assets\/css\/style.css","http_code":404,"time":"0.183s"}
2026-03-13T13:29:40+00:00 [INFO] [System] GitHub API request {"endpoint":"repos\/diskeyster-crypto\/brains\/contents\/admin\/assets\/css\/ui.css","http_code":404,"time":"0.218s"}
2026-03-13T13:29:42+00:00 [INFO] [System] GitHub API request {"endpoint":"repos\/diskeyster-crypto\/brains\/contents\/admin\/assets\/js\/app.js","http_code":404,"time":"0.194s"}
2026-03-13T13:29:44+00:00 [INFO] [System] GitHub API request {"endpoint":"repos\/diskeyster-crypto\/brains\/contents\/admin\/views\/cron.php","http_code":404,"time":"0.186s"}
2026-03-13T13:29:45+00:00 [INFO] [System] GitHub API request {"endpoint":"repos\/diskeyster-crypto\/brains\/contents\/admin\/views\/dashboard.php","http_code":404,"time":"0.188s"}
2026-03-13T13:29:47+00:00 [INFO] [System] GitHub API request {"endpoint":"repos\/diskeyster-crypto\/brains\/contents\/admin\/views\/layout.php","http_code":404,"time":"0.175s"}
2026-03-13T13:29:48+00:00 [INFO] [System] GitHub API request {"endpoint":"repos\/diskeyster-crypto\/brains\/contents\/admin\/views\/login.php","http_code":404,"time":"0.187s"}
2026-03-13T13:29:49+00:00 [INFO] [System] GitHub API request {"endpoint":"repos\/diskeyster-crypto\/brains\/contents\/admin\/views\/logs.php","http_code":404,"time":"0.198s"}
2026-03-13T13:29:51+00:00 [INFO] [System] GitHub API request {"endpoint":"repos\/diskeyster-crypto\/brains\/contents\/admin\/views\/modules.php","http_code":404,"time":"0.183s"}
2026-03-13T13:29:52+00:00 [INFO] [System] GitHub API request {"endpoint":"repos\/diskeyster-crypto\/brains\/contents\/admin\/views\/storage.php","http_code":404,"time":"0.19s"}
2026-03-13T13:29:55+00:00 [INFO] [System] GitHub API request {"endpoint":"repos\/diskeyster-crypto\/brains\/contents\/admin\/views\/update.php","http_code":404,"time":"0.189s"}
2026-03-13T13:29:56+00:00 [INFO] [System] GitHub API request {"endpoint":"repos\/diskeyster-crypto\/brains\/contents\/admin\/index.php","http_code":404,"time":"0.228s"}
2026-03-13T13:29:58+00:00 [INFO] [System] GitHub API request {"endpoint":"repos\/diskeyster-crypto\/brains\/contents\/config\/bybit.php","http_code":404,"time":"0.205s"}
2026-03-13T13:29:59+00:00 [INFO] [System] GitHub API request {"endpoint":"repos\/diskeyster-crypto\/brains\/contents\/config\/cron.php","http_code":404,"time":"0.181s"}
2026-03-13T13:30:01+00:00 [INFO] [System] GitHub API request {"endpoint":"repos\/diskeyster-crypto\/brains\/contents\/config\/github.php","http_code":404,"time":"0.23s"}
2026-03-13T13:30:02+00:00 [INFO] [System] GitHub API request {"endpoint":"repos\/diskeyster-crypto\/brains\/contents\/config\/storage.php","http_code":404,"time":"0.187s"}
2026-03-13T13:30:03+00:00 [INFO] [System] GitHub API request {"endpoint":"repos\/diskeyster-crypto\/brains\/contents\/config\/system.php","http_code":404,"time":"0.168s"}
2026-03-13T13:30:05+00:00 [INFO] [System] GitHub API request {"endpoint":"repos\/diskeyster-crypto\/brains\/contents\/core\/auth\/auth.php","http_code":404,"time":"0.229s"}
2026-03-13T13:30:06+00:00 [INFO] [System] GitHub API request {"endpoint":"repos\/diskeyster-crypto\/brains\/contents\/core\/auth\/authmanager.php","http_code":404,"time":"0.201s"}
2026-03-13T13:30:08+00:00 [INFO] [System] GitHub API request {"endpoint":"repos\/diskeyster-crypto\/brains\/contents\/core\/config\/logs\/configguard.log","http_code":404,"time":"0.218s"}
2026-03-13T13:30:09+00:00 [INFO] [System] GitHub API request {"endpoint":"repos\/diskeyster-crypto\/brains\/contents\/core\/config\/tests\/configguard_test.php","http_code":404,"time":"0.221s"}
2026-03-13T13:30:11+00:00 [INFO] [System] GitHub API request {"endpoint":"repos\/diskeyster-crypto\/brains\/contents\/core\/config\/configguard.php","http_code":404,"time":"0.419s"}
2026-03-13T13:30:13+00:00 [INFO] [System] GitHub API request {"endpoint":"repos\/diskeyster-crypto\/brains\/contents\/core\/cron\/cronmanager.php","http_code":404,"time":"0.223s"}
2026-03-13T13:30:14+00:00 [INFO] [System] GitHub API request {"endpoint":"repos\/diskeyster-crypto\/brains\/contents\/core\/gateway\/bybit.php","http_code":404,"time":"0.188s"}
2026-03-13T13:30:16+00:00 [INFO] [System] GitHub API request {"endpoint":"repos\/diskeyster-crypto\/brains\/contents\/core\/gateway\/gatewayinterface.php","http_code":404,"time":"0.206s"}
2026-03-13T13:30:18+00:00 [INFO] [System] GitHub API request {"endpoint":"repos\/diskeyster-crypto\/brains\/contents\/core\/keycenter\/keycenter.php","http_code":404,"time":"0.208s"}
2026-03-13T13:30:19+00:00 [INFO] [System] GitHub API request {"endpoint":"repos\/diskeyster-crypto\/brains\/contents\/core\/logger\/logger.php","http_code":404,"time":"0.201s"}
2026-03-13T13:30:20+00:00 [INFO] [System] GitHub API request {"endpoint":"repos\/diskeyster-crypto\/brains\/contents\/core\/module\/modulemanager.php","http_code":404,"time":"0.195s"}
2026-03-13T13:30:22+00:00 [INFO] [System] GitHub API request {"endpoint":"repos\/diskeyster-crypto\/brains\/contents\/core\/router\/middleware.php","http_code":404,"time":"0.184s"}
2026-03-13T13:30:23+00:00 [INFO] [System] GitHub API request {"endpoint":"repos\/diskeyster-crypto\/brains\/contents\/core\/router\/router.php","http_code":404,"time":"0.2s"}
2026-03-13T13:30:25+00:00 [INFO] [System] GitHub API request {"endpoint":"repos\/diskeyster-crypto\/brains\/contents\/core\/router\/zones.php","http_code":404,"time":"0.182s"}
2026-03-13T13:30:26+00:00 [INFO] [System] GitHub API request {"endpoint":"repos\/diskeyster-crypto\/brains\/contents\/core\/storage\/jsonstorage.php","http_code":404,"time":"0.194s"}
2026-03-13T13:30:28+00:00 [INFO] [System] GitHub API request {"endpoint":"repos\/diskeyster-crypto\/brains\/contents\/core\/storage\/mysqlstorage.php","http_code":404,"time":"0.225s"}
2026-03-13T13:30:30+00:00 [INFO] [System] GitHub API request {"endpoint":"repos\/diskeyster-crypto\/brains\/contents\/core\/storage\/sqlitestorage.php","http_code":404,"time":"0.188s"}
2026-03-13T13:30:31+00:00 [INFO] [System] GitHub API request {"endpoint":"repos\/diskeyster-crypto\/brains\/contents\/core\/storage\/storageinterface.php","http_code":404,"time":"0.194s"}
2026-03-13T13:30:32+00:00 [INFO] [System] GitHub API request {"endpoint":"repos\/diskeyster-crypto\/brains\/contents\/core\/storage\/storagemanager.php","http_code":404,"time":"0.195s"}
2026-03-13T13:30:34+00:00 [INFO] [System] GitHub API request {"endpoint":"repos\/diskeyster-crypto\/brains\/contents\/core\/system\/entrypoint.php","http_code":404,"time":"0.226s"}
2026-03-13T13:30:35+00:00 [INFO] [System] GitHub API request {"endpoint":"repos\/diskeyster-crypto\/brains\/contents\/core\/system\/system.php","http_code":404,"time":"0.192s"}
2026-03-13T13:30:37+00:00 [INFO] [System] GitHub API request {"endpoint":"repos\/diskeyster-crypto\/brains\/contents\/core\/system\/systemconfig.php","http_code":404,"time":"0.237s"}
2026-03-13T13:30:39+00:00 [INFO] [System] GitHub API request {"endpoint":"repos\/diskeyster-crypto\/brains\/contents\/core\/system\/systemenv.php","http_code":404,"time":"0.195s"}
2026-03-13T13:30:40+00:00 [INFO] [System] GitHub API request {"endpoint":"repos\/diskeyster-crypto\/brains\/contents\/core\/system\/systemerror.php","http_code":404,"time":"0.201s"}
2026-03-13T13:30:41+00:00 [INFO] [System] GitHub API request {"endpoint":"repos\/diskeyster-crypto\/brains\/contents\/core\/system\/systemevents.php","http_code":404,"time":"0.187s"}
2026-03-13T13:30:43+00:00 [INFO] [System] GitHub API request {"endpoint":"repos\/diskeyster-crypto\/brains\/contents\/core\/system\/systemmigration.php","http_code":404,"time":"0.195s"}
2026-03-13T13:30:44+00:00 [INFO] [System] GitHub API request {"endpoint":"repos\/diskeyster-crypto\/brains\/contents\/core\/system\/systempaths.php","http_code":404,"time":"0.185s"}
2026-03-13T13:30:46+00:00 [INFO] [System] GitHub API request {"endpoint":"repos\/diskeyster-crypto\/brains\/contents\/core\/system\/systempaths_bootstrap.php","http_code":404,"time":"0.197s"}
2026-03-13T13:30:48+00:00 [INFO] [System] GitHub API request {"endpoint":"repos\/diskeyster-crypto\/brains\/contents\/core\/system\/systemruntime.php","http_code":404,"time":"0.213s"}
2026-03-13T13:30:49+00:00 [INFO] [System] GitHub API request {"endpoint":"repos\/diskeyster-crypto\/brains\/contents\/core\/system\/systemstate.php","http_code":404,"time":"0.194s"}
2026-03-13T13:30:51+00:00 [INFO] [System] GitHub API request {"endpoint":"repos\/diskeyster-crypto\/brains\/contents\/core\/system\/systemversion.php","http_code":404,"time":"0.191s"}
2026-03-13T13:30:52+00:00 [INFO] [System] GitHub API request {"endpoint":"repos\/diskeyster-crypto\/brains\/contents\/core\/system\/url.php","http_code":404,"time":"0.257s"}
2026-03-13T13:30:54+00:00 [INFO] [System] GitHub API request {"endpoint":"repos\/diskeyster-crypto\/brains\/contents\/core\/view\/viewengine.php","http_code":404,"time":"0.212s"}
2026-03-13T13:30:55+00:00 [INFO] [System] GitHub API request {"endpoint":"repos\/diskeyster-crypto\/brains\/contents\/core\/bootstrap.php","http_code":404,"time":"0.178s"}
2026-03-13T13:32:48+00:00 [INFO] [System] GitHub API request {"endpoint":"repos\/diskeyster-crypto\/brains\/contents\/core\/bootstrap.php","http_code":200,"time":"0.217s"}
2026-03-13T13:33:00+00:00 [INFO] [System] GitHub API request {"endpoint":"repos\/diskeyster-crypto\/brains\/contents\/modules\/copytrading\/config\/config.php","http_code":404,"time":"0.196s"}
2026-03-13T13:33:01+00:00 [INFO] [System] GitHub API request {"endpoint":"repos\/diskeyster-crypto\/brains\/contents\/modules\/copytrading\/storage\/activ.json","http_code":404,"time":"0.222s"}
2026-03-13T13:33:03+00:00 [INFO] [System] GitHub API request {"endpoint":"repos\/diskeyster-crypto\/brains\/contents\/modules\/copytrading\/storage\/copytrading.log","http_code":404,"time":"0.221s"}
2026-03-13T13:33:05+00:00 [INFO] [System] GitHub API request {"endpoint":"repos\/diskeyster-crypto\/brains\/contents\/modules\/copytrading\/storage\/history.json","http_code":404,"time":"0.216s"}
2026-03-13T13:33:06+00:00 [INFO] [System] GitHub API request {"endpoint":"repos\/diskeyster-crypto\/brains\/contents\/modules\/copytrading\/storage\/last_run.json","http_code":404,"time":"0.209s"}
2026-03-13T13:33:08+00:00 [INFO] [System] GitHub API request {"endpoint":"repos\/diskeyster-crypto\/brains\/contents\/modules\/copytrading\/views\/index.php","http_code":404,"time":"0.199s"}
2026-03-13T13:33:09+00:00 [INFO] [System] GitHub API request {"endpoint":"repos\/diskeyster-crypto\/brains\/contents\/modules\/copytrading\/controller.php","http_code":404,"time":"0.211s"}
2026-03-13T13:33:11+00:00 [INFO] [System] GitHub API request {"endpoint":"repos\/diskeyster-crypto\/brains\/contents\/modules\/copytrading\/cron.php","http_code":404,"time":"0.195s"}
2026-03-13T13:33:12+00:00 [INFO] [System] GitHub API request {"endpoint":"repos\/diskeyster-crypto\/brains\/contents\/modules\/copytrading\/manifest.php","http_code":404,"time":"0.201s"}
2026-03-13T13:33:14+00:00 [INFO] [System] GitHub API request {"endpoint":"repos\/diskeyster-crypto\/brains\/contents\/modules\/copytrading\/runner.php","http_code":404,"time":"0.233s"}
2026-03-13T13:33:15+00:00 [INFO] [System] GitHub API request {"endpoint":"repos\/diskeyster-crypto\/brains\/contents\/modules\/copytrading\/service.php","http_code":404,"time":"0.215s"}
2026-03-13T13:33:17+00:00 [INFO] [System] GitHub API request {"endpoint":"repos\/diskeyster-crypto\/brains\/contents\/modules\/example\/cron.php","http_code":404,"time":"0.184s"}
2026-03-13T13:33:18+00:00 [INFO] [System] GitHub API request {"endpoint":"repos\/diskeyster-crypto\/brains\/contents\/modules\/example\/manifest.json","http_code":404,"time":"0.199s"}
2026-03-13T13:33:20+00:00 [INFO] [System] GitHub API request {"endpoint":"repos\/diskeyster-crypto\/brains\/contents\/modules\/example\/manifest.php","http_code":404,"time":"0.2s"}
2026-03-13T13:33:22+00:00 [INFO] [System] GitHub API request {"endpoint":"repos\/diskeyster-crypto\/brains\/contents\/modules\/example\/mod_class.txt","http_code":404,"time":"0.196s"}
2026-03-13T13:33:23+00:00 [INFO] [System] GitHub API request {"endpoint":"repos\/diskeyster-crypto\/brains\/contents\/modules\/example\/runner.php","http_code":404,"time":"0.203s"}
2026-03-13T13:33:24+00:00 [INFO] [System] GitHub API request {"endpoint":"repos\/diskeyster-crypto\/brains\/contents\/modules\/example\/service.php","http_code":404,"time":"0.196s"}
2026-03-13T13:33:26+00:00 [INFO] [System] GitHub API request {"endpoint":"repos\/diskeyster-crypto\/brains\/contents\/modules\/installer\/views\/wizard.php","http_code":404,"time":"0.205s"}
2026-03-13T13:33:27+00:00 [INFO] [System] GitHub API request {"endpoint":"repos\/diskeyster-crypto\/brains\/contents\/modules\/installer\/controller.php","http_code":404,"time":"0.216s"}
2026-03-13T13:33:29+00:00 [INFO] [System] GitHub API request {"endpoint":"repos\/diskeyster-crypto\/brains\/contents\/modules\/installer\/manifest.php","http_code":404,"time":"0.182s"}
2026-03-13T13:33:31+00:00 [INFO] [System] GitHub API request {"endpoint":"repos\/diskeyster-crypto\/brains\/contents\/modules\/parser\/delist_parser0\/config\/config.php","http_code":404,"time":"0.188s"}
2026-03-13T13:33:32+00:00 [INFO] [System] GitHub API request {"endpoint":"repos\/diskeyster-crypto\/brains\/contents\/modules\/parser\/delist_parser0\/config\/config.php.backup.20260202132529","http_code":404,"time":"0.188s"}
2026-03-13T13:33:34+00:00 [INFO] [System] GitHub API request {"endpoint":"repos\/diskeyster-crypto\/brains\/contents\/modules\/parser\/delist_parser0\/config\/config.php.backup.20260202133349","http_code":404,"time":"0.194s"}
2026-03-13T13:33:35+00:00 [INFO] [System] GitHub API request {"endpoint":"repos\/diskeyster-crypto\/brains\/contents\/modules\/parser\/delist_parser0\/config\/schema.php","http_code":404,"time":"0.177s"}
2026-03-13T13:33:37+00:00 [INFO] [System] GitHub API request {"endpoint":"repos\/diskeyster-crypto\/brains\/contents\/modules\/parser\/delist_parser0\/storage\/blacklist.json","http_code":404,"time":"0.19s"}
2026-03-13T13:33:38+00:00 [INFO] [System] GitHub API request {"endpoint":"repos\/diskeyster-crypto\/brains\/contents\/modules\/parser\/delist_parser0\/storage\/last_run.json","http_code":404,"time":"0.195s"}
2026-03-13T13:33:40+00:00 [INFO] [System] GitHub API request {"endpoint":"repos\/diskeyster-crypto\/brains\/contents\/modules\/parser\/delist_parser0\/storage\/state.json","http_code":404,"time":"0.224s"}
2026-03-13T13:33:41+00:00 [INFO] [System] GitHub API request {"endpoint":"repos\/diskeyster-crypto\/brains\/contents\/modules\/parser\/delist_parser0\/storage\/whitelist.json","http_code":404,"time":"0.181s"}
2026-03-13T13:33:43+00:00 [INFO] [System] GitHub API request {"endpoint":"repos\/diskeyster-crypto\/brains\/contents\/modules\/parser\/delist_parser0\/cron.php","http_code":404,"time":"0.211s"}
2026-03-13T13:33:44+00:00 [INFO] [System] GitHub API request {"endpoint":"repos\/diskeyster-crypto\/brains\/contents\/modules\/parser\/delist_parser0\/manifest.json","http_code":404,"time":"0.189s"}
2026-03-13T13:33:46+00:00 [INFO] [System] GitHub API request {"endpoint":"repos\/diskeyster-crypto\/brains\/contents\/modules\/parser\/delist_parser0\/manifest.php","http_code":404,"time":"0.191s"}
2026-03-13T13:33:47+00:00 [INFO] [System] GitHub API request {"endpoint":"repos\/diskeyster-crypto\/brains\/contents\/modules\/parser\/delist_parser0\/mod_class.txt","http_code":404,"time":"0.197s"}
2026-03-13T13:33:49+00:00 [INFO] [System] GitHub API request {"endpoint":"repos\/diskeyster-crypto\/brains\/contents\/modules\/parser\/delist_parser0\/runner.php","http_code":404,"time":"0.209s"}
2026-03-13T13:33:50+00:00 [INFO] [System] GitHub API request {"endpoint":"repos\/diskeyster-crypto\/brains\/contents\/modules\/parser\/delist_parser0\/service.php","http_code":404,"time":"0.205s"}
2026-03-13T13:33:52+00:00 [INFO] [System] GitHub API request {"endpoint":"repos\/diskeyster-crypto\/brains\/contents\/modules\/parser\/parser15_history_sync\/config\/config.php","http_code":404,"time":"0.248s"}
2026-03-13T13:33:53+00:00 [INFO] [System] GitHub API request {"endpoint":"repos\/diskeyster-crypto\/brains\/contents\/modules\/parser\/parser15_history_sync\/config\/schema.php","http_code":404,"time":"0.184s"}
2026-03-13T13:33:55+00:00 [INFO] [System] GitHub API request {"endpoint":"repos\/diskeyster-crypto\/brains\/contents\/modules\/parser\/parser15_history_sync\/cron.php","http_code":404,"time":"0.201s"}
2026-03-13T13:33:56+00:00 [INFO] [System] GitHub API request {"endpoint":"repos\/diskeyster-crypto\/brains\/contents\/modules\/parser\/parser15_history_sync\/manifest.json","http_code":404,"time":"0.187s"}
2026-03-13T13:33:58+00:00 [INFO] [System] GitHub API request {"endpoint":"repos\/diskeyster-crypto\/brains\/contents\/modules\/parser\/parser15_history_sync\/manifest.php","http_code":404,"time":"0.187s"}
2026-03-13T13:34:00+00:00 [INFO] [System] GitHub API request {"endpoint":"repos\/diskeyster-crypto\/brains\/contents\/modules\/parser\/parser15_history_sync\/mod_class.txt","http_code":404,"time":"0.203s"}
2026-03-13T13:34:01+00:00 [INFO] [System] GitHub API request {"endpoint":"repos\/diskeyster-crypto\/brains\/contents\/modules\/parser\/parser15_history_sync\/runner.php","http_code":404,"time":"0.183s"}
2026-03-13T13:34:03+00:00 [INFO] [System] GitHub API request {"endpoint":"repos\/diskeyster-crypto\/brains\/contents\/modules\/parser\/parser15_history_sync\/service.php","http_code":404,"time":"0.172s"}
2026-03-13T13:34:04+00:00 [INFO] [System] GitHub API request {"endpoint":"repos\/diskeyster-crypto\/brains\/contents\/modules\/parser\/parser1_market_registry\/config\/config.php","http_code":404,"time":"0.176s"}
2026-03-13T13:34:06+00:00 [INFO] [System] GitHub API request {"endpoint":"repos\/diskeyster-crypto\/brains\/contents\/modules\/parser\/parser1_market_registry\/storage\/active.json","http_code":404,"time":"0.376s"}
2026-03-13T13:34:08+00:00 [INFO] [System] GitHub API request {"endpoint":"repos\/diskeyster-crypto\/brains\/contents\/modules\/parser\/parser1_market_registry\/storage\/delisted.json","http_code":404,"time":"0.193s"}
2026-03-13T13:34:09+00:00 [INFO] [System] GitHub API request {"endpoint":"repos\/diskeyster-crypto\/brains\/contents\/modules\/parser\/parser1_market_registry\/storage\/last_run.json","http_code":404,"time":"0.189s"}
2026-03-13T13:34:11+00:00 [INFO] [System] GitHub API request {"endpoint":"repos\/diskeyster-crypto\/brains\/contents\/modules\/parser\/parser1_market_registry\/storage\/registry.json","http_code":404,"time":"0.207s"}
2026-03-13T13:34:13+00:00 [INFO] [System] GitHub API request {"endpoint":"repos\/diskeyster-crypto\/brains\/contents\/modules\/parser\/parser1_market_registry\/storage\/state.json","http_code":404,"time":"0.199s"}
2026-03-13T13:34:15+00:00 [INFO] [System] GitHub API request {"endpoint":"repos\/diskeyster-crypto\/brains\/contents\/modules\/parser\/parser1_market_registry\/cron.php","http_code":404,"time":"0.202s"}
2026-03-13T13:34:16+00:00 [INFO] [System] GitHub API request {"endpoint":"repos\/diskeyster-crypto\/brains\/contents\/modules\/parser\/parser1_market_registry\/manifest.json","http_code":404,"time":"0.21s"}
2026-03-13T13:34:18+00:00 [INFO] [System] GitHub API request {"endpoint":"repos\/diskeyster-crypto\/brains\/contents\/modules\/parser\/parser1_market_registry\/manifest.php","http_code":404,"time":"0.189s"}
2026-03-13T13:34:19+00:00 [INFO] [System] GitHub API request {"endpoint":"repos\/diskeyster-crypto\/brains\/contents\/modules\/parser\/parser1_market_registry\/mod_class.txt","http_code":404,"time":"0.229s"}
2026-03-13T13:34:21+00:00 [INFO] [System] GitHub API request {"endpoint":"repos\/diskeyster-crypto\/brains\/contents\/modules\/parser\/parser1_market_registry\/runner.php","http_code":404,"time":"0.204s"}
2026-03-13T13:34:27+00:00 [INFO] [System] GitHub API request {"endpoint":"repos\/diskeyster-crypto\/brains\/contents\/modules\/parser\/parser1_market_registry\/service.php","http_code":404,"time":"5.213s"}
2026-03-13T13:34:29+00:00 [INFO] [System] GitHub API request {"endpoint":"repos\/diskeyster-crypto\/brains\/contents\/modules\/parser\/parser2_history_accumulator\/config\/config.php","http_code":404,"time":"0.178s"}
2026-03-13T13:34:30+00:00 [INFO] [System] GitHub API request {"endpoint":"repos\/diskeyster-crypto\/brains\/contents\/modules\/parser\/parser2_history_accumulator\/config\/config.php.backup.20260129085623","http_code":404,"time":"0.208s"}
2026-03-13T13:34:32+00:00 [INFO] [System] GitHub API request {"endpoint":"repos\/diskeyster-crypto\/brains\/contents\/modules\/parser\/parser2_history_accumulator\/config\/config.php.backup.20260201104901","http_code":404,"time":"0.194s"}
2026-03-13T13:34:34+00:00 [INFO] [System] GitHub API request {"endpoint":"repos\/diskeyster-crypto\/brains\/contents\/modules\/parser\/parser2_history_accumulator\/config\/config.php.backup.20260201105104","http_code":404,"time":"0.191s"}
2026-03-13T13:34:35+00:00 [INFO] [System] GitHub API request {"endpoint":"repos\/diskeyster-crypto\/brains\/contents\/modules\/parser\/parser2_history_accumulator\/storage\/last_run.json","http_code":404,"time":"0.385s"}
2026-03-13T13:34:37+00:00 [INFO] [System] GitHub API request {"endpoint":"repos\/diskeyster-crypto\/brains\/contents\/modules\/parser\/parser2_history_accumulator\/storage\/state.json","http_code":404,"time":"0.177s"}
2026-03-13T13:34:38+00:00 [INFO] [System] GitHub API request {"endpoint":"repos\/diskeyster-crypto\/brains\/contents\/modules\/parser\/parser2_history_accumulator\/cron.php","http_code":404,"time":"0.196s"}
2026-03-13T13:34:40+00:00 [INFO] [System] GitHub API request {"endpoint":"repos\/diskeyster-crypto\/brains\/contents\/modules\/parser\/parser2_history_accumulator\/manifest.json","http_code":404,"time":"0.177s"}
2026-03-13T13:34:41+00:00 [INFO] [System] GitHub API request {"endpoint":"repos\/diskeyster-crypto\/brains\/contents\/modules\/parser\/parser2_history_accumulator\/manifest.php","http_code":404,"time":"0.187s"}
2026-03-13T13:34:43+00:00 [INFO] [System] GitHub API request {"endpoint":"repos\/diskeyster-crypto\/brains\/contents\/modules\/parser\/parser2_history_accumulator\/mod_class.txt","http_code":404,"time":"0.188s"}
2026-03-13T13:34:44+00:00 [INFO] [System] GitHub API request {"endpoint":"repos\/diskeyster-crypto\/brains\/contents\/modules\/parser\/parser2_history_accumulator\/runner.php","http_code":404,"time":"0.19s"}
2026-03-13T13:34:45+00:00 [INFO] [System] GitHub API request {"endpoint":"repos\/diskeyster-crypto\/brains\/contents\/modules\/parser\/parser2_history_accumulator\/service.php","http_code":404,"time":"0.199s"}
2026-03-13T13:34:46+00:00 [INFO] [System] GitHub API request {"endpoint":"repos\/diskeyster-crypto\/brains\/contents\/modules\/parser\/parser3_manager_behavior\/config\/config.php","http_code":404,"time":"0.196s"}
2026-03-13T13:34:48+00:00 [INFO] [System] GitHub API request {"endpoint":"repos\/diskeyster-crypto\/brains\/contents\/modules\/parser\/parser3_manager_behavior\/config\/config.php.backup.20260129183309","http_code":404,"time":"0.181s"}
2026-03-13T13:34:49+00:00 [INFO] [System] GitHub API request {"endpoint":"repos\/diskeyster-crypto\/brains\/contents\/modules\/parser\/parser3_manager_behavior\/config\/config.php.backup.20260201104803","http_code":404,"time":"0.189s"}
2026-03-13T13:34:50+00:00 [INFO] [System] GitHub API request {"endpoint":"repos\/diskeyster-crypto\/brains\/contents\/modules\/parser\/parser3_manager_behavior\/config\/config.php.backup.20260201105343","http_code":404,"time":"0.182s"}
2026-03-13T13:34:52+00:00 [INFO] [System] GitHub API request {"endpoint":"repos\/diskeyster-crypto\/brains\/contents\/modules\/parser\/parser3_manager_behavior\/config\/schema.php","http_code":404,"time":"0.204s"}
2026-03-13T13:34:53+00:00 [INFO] [System] GitHub API request {"endpoint":"repos\/diskeyster-crypto\/brains\/contents\/modules\/parser\/parser3_manager_behavior\/storage\/errors.json","http_code":404,"time":"0.227s"}
2026-03-13T13:34:55+00:00 [INFO] [System] GitHub API request {"endpoint":"repos\/diskeyster-crypto\/brains\/contents\/modules\/parser\/parser3_manager_behavior\/storage\/last_run.json","http_code":404,"time":"0.189s"}
2026-03-13T13:34:56+00:00 [INFO] [System] GitHub API request {"endpoint":"repos\/diskeyster-crypto\/brains\/contents\/modules\/parser\/parser3_manager_behavior\/storage\/state.json","http_code":404,"time":"0.198s"}
2026-03-13T13:34:58+00:00 [INFO] [System] GitHub API request {"endpoint":"repos\/diskeyster-crypto\/brains\/contents\/modules\/parser\/parser3_manager_behavior\/cron.php","http_code":404,"time":"0.206s"}
2026-03-13T13:34:59+00:00 [INFO] [System] GitHub API request {"endpoint":"repos\/diskeyster-crypto\/brains\/contents\/modules\/parser\/parser3_manager_behavior\/HELP.md","http_code":404,"time":"0.181s"}
2026-03-13T13:35:01+00:00 [INFO] [System] GitHub API request {"endpoint":"repos\/diskeyster-crypto\/brains\/contents\/modules\/parser\/parser3_manager_behavior\/manifest.json","http_code":404,"time":"0.182s"}
2026-03-13T13:35:02+00:00 [INFO] [System] GitHub API request {"endpoint":"repos\/diskeyster-crypto\/brains\/contents\/modules\/parser\/parser3_manager_behavior\/manifest.php","http_code":404,"time":"0.191s"}
2026-03-13T13:35:04+00:00 [INFO] [System] GitHub API request {"endpoint":"repos\/diskeyster-crypto\/brains\/contents\/modules\/parser\/parser3_manager_behavior\/mod_class.txt","http_code":404,"time":"0.194s"}
2026-03-13T13:35:06+00:00 [INFO] [System] GitHub API request {"endpoint":"repos\/diskeyster-crypto\/brains\/contents\/modules\/parser\/parser3_manager_behavior\/README.md","http_code":404,"time":"0.187s"}
2026-03-13T13:35:07+00:00 [INFO] [System] GitHub API request {"endpoint":"repos\/diskeyster-crypto\/brains\/contents\/modules\/parser\/parser3_manager_behavior\/runner.php","http_code":404,"time":"0.202s"}
2026-03-13T13:35:09+00:00 [INFO] [System] GitHub API request {"endpoint":"repos\/diskeyster-crypto\/brains\/contents\/modules\/parser\/parser3_manager_behavior\/service.php","http_code":404,"time":"0.203s"}
2026-03-13T13:35:10+00:00 [INFO] [System] GitHub API request {"endpoint":"repos\/diskeyster-crypto\/brains\/contents\/modules\/parser\/parser4_analyzer\/config\/config.php","http_code":404,"time":"0.189s"}
2026-03-13T13:35:12+00:00 [INFO] [System] GitHub API request {"endpoint":"repos\/diskeyster-crypto\/brains\/contents\/modules\/parser\/parser4_analyzer\/config\/schema.php","http_code":404,"time":"0.183s"}
2026-03-13T13:35:13+00:00 [INFO] [System] GitHub API request {"endpoint":"repos\/diskeyster-crypto\/brains\/contents\/modules\/parser\/parser4_analyzer\/cron.php","http_code":404,"time":"0.203s"}
2026-03-13T13:35:15+00:00 [INFO] [System] GitHub API request {"endpoint":"repos\/diskeyster-crypto\/brains\/contents\/modules\/parser\/parser4_analyzer\/manifest.json","http_code":404,"time":"0.208s"}
2026-03-13T13:35:17+00:00 [INFO] [System] GitHub API request {"endpoint":"repos\/diskeyster-crypto\/brains\/contents\/modules\/parser\/parser4_analyzer\/manifest.php","http_code":404,"time":"0.203s"}
2026-03-13T13:35:18+00:00 [INFO] [System] GitHub API request {"endpoint":"repos\/diskeyster-crypto\/brains\/contents\/modules\/parser\/parser4_analyzer\/README.md","http_code":404,"time":"0.185s"}
2026-03-13T13:35:19+00:00 [INFO] [System] GitHub API request {"endpoint":"repos\/diskeyster-crypto\/brains\/contents\/modules\/parser\/parser4_analyzer\/runner.php","http_code":404,"time":"0.208s"}
2026-03-13T13:35:21+00:00 [INFO] [System] GitHub API request {"endpoint":"repos\/diskeyster-crypto\/brains\/contents\/modules\/parser\/parser4_analyzer\/service.php","http_code":404,"time":"0.181s"}
2026-03-13T13:35:22+00:00 [INFO] [System] GitHub API request {"endpoint":"repos\/diskeyster-crypto\/brains\/contents\/modules\/parser\/parser5_signal_monitor\/config\/config.php","http_code":404,"time":"0.188s"}
2026-03-13T13:35:24+00:00 [INFO] [System] GitHub API request {"endpoint":"repos\/diskeyster-crypto\/brains\/contents\/modules\/parser\/parser5_signal_monitor\/config\/config.php.backup.20260130171921","http_code":404,"time":"0.182s"}
2026-03-13T13:35:26+00:00 [INFO] [System] GitHub API request {"endpoint":"repos\/diskeyster-crypto\/brains\/contents\/modules\/parser\/parser5_signal_monitor\/config\/config.php.backup.20260130172931","http_code":404,"time":"0.177s"}
2026-03-13T13:35:27+00:00 [INFO] [System] GitHub API request {"endpoint":"repos\/diskeyster-crypto\/brains\/contents\/modules\/parser\/parser5_signal_monitor\/config\/config.php.backup.20260201110935","http_code":404,"time":"0.394s"}
2026-03-13T13:35:29+00:00 [INFO] [System] GitHub API request {"endpoint":"repos\/diskeyster-crypto\/brains\/contents\/modules\/parser\/parser5_signal_monitor\/config\/config.php.backup.20260201152830","http_code":404,"time":"0.182s"}
2026-03-13T13:35:30+00:00 [INFO] [System] GitHub API request {"endpoint":"repos\/diskeyster-crypto\/brains\/contents\/modules\/parser\/parser5_signal_monitor\/config\/config.php.backup.20260201183949","http_code":404,"time":"0.23s"}
2026-03-13T13:35:31+00:00 [INFO] [System] GitHub API request {"endpoint":"repos\/diskeyster-crypto\/brains\/contents\/modules\/parser\/parser5_signal_monitor\/config\/schema.php","http_code":404,"time":"0.182s"}
2026-03-13T13:35:33+00:00 [INFO] [System] GitHub API request {"endpoint":"repos\/diskeyster-crypto\/brains\/contents\/modules\/parser\/parser5_signal_monitor\/storage\/last_run.json","http_code":404,"time":"0.217s"}
2026-03-13T13:35:34+00:00 [INFO] [System] GitHub API request {"endpoint":"repos\/diskeyster-crypto\/brains\/contents\/modules\/parser\/parser5_signal_monitor\/storage\/monitor.json","http_code":404,"time":"0.184s"}
2026-03-13T13:35:36+00:00 [INFO] [System] GitHub API request {"endpoint":"repos\/diskeyster-crypto\/brains\/contents\/modules\/parser\/parser5_signal_monitor\/storage\/signals.json","http_code":404,"time":"0.218s"}
2026-03-13T13:35:38+00:00 [INFO] [System] GitHub API request {"endpoint":"repos\/diskeyster-crypto\/brains\/contents\/modules\/parser\/parser5_signal_monitor\/cron.php","http_code":404,"time":"0.203s"}
2026-03-13T13:35:39+00:00 [INFO] [System] GitHub API request {"endpoint":"repos\/diskeyster-crypto\/brains\/contents\/modules\/parser\/parser5_signal_monitor\/manifest.json","http_code":404,"time":"0.209s"}
2026-03-13T13:35:40+00:00 [INFO] [System] GitHub API request {"endpoint":"repos\/diskeyster-crypto\/brains\/contents\/modules\/parser\/parser5_signal_monitor\/manifest.php","http_code":404,"time":"0.187s"}
2026-03-13T13:35:43+00:00 [INFO] [System] GitHub API request {"endpoint":"repos\/diskeyster-crypto\/brains\/contents\/modules\/parser\/parser5_signal_monitor\/README.md","http_code":404,"time":"0.356s"}
2026-03-13T13:35:44+00:00 [INFO] [System] GitHub API request {"endpoint":"repos\/diskeyster-crypto\/brains\/contents\/modules\/parser\/parser5_signal_monitor\/runner.php","http_code":404,"time":"0.192s"}
2026-03-13T13:35:46+00:00 [INFO] [System] GitHub API request {"endpoint":"repos\/diskeyster-crypto\/brains\/contents\/modules\/parser\/parser5_signal_monitor\/service.php","http_code":404,"time":"0.175s"}
2026-03-13T13:35:48+00:00 [INFO] [System] GitHub API request {"endpoint":"repos\/diskeyster-crypto\/brains\/contents\/modules\/signal_example\/storage\/last_run.json","http_code":404,"time":"0.194s"}
2026-03-13T13:35:49+00:00 [INFO] [System] GitHub API request {"endpoint":"repos\/diskeyster-crypto\/brains\/contents\/modules\/simulator\/parser6_simulator\/config\/config.php","http_code":404,"time":"0.183s"}
2026-03-13T13:35:51+00:00 [INFO] [System] GitHub API request {"endpoint":"repos\/diskeyster-crypto\/brains\/contents\/modules\/simulator\/parser6_simulator\/config\/schema.php","http_code":404,"time":"0.186s"}
2026-03-13T13:35:52+00:00 [INFO] [System] GitHub API request {"endpoint":"repos\/diskeyster-crypto\/brains\/contents\/modules\/simulator\/parser6_simulator\/lib\/parser6_config_trait.php","http_code":404,"time":"0.21s"}
2026-03-13T13:35:54+00:00 [INFO] [System] GitHub API request {"endpoint":"repos\/diskeyster-crypto\/brains\/contents\/modules\/simulator\/parser6_simulator\/lib\/parser6_dataset_trait.php","http_code":404,"time":"0.181s"}
2026-03-13T13:35:56+00:00 [INFO] [System] GitHub API request {"endpoint":"repos\/diskeyster-crypto\/brains\/contents\/modules\/simulator\/parser6_simulator\/lib\/parser6_engine_trait.php","http_code":404,"time":"0.205s"}
2026-03-13T13:35:57+00:00 [INFO] [System] GitHub API request {"endpoint":"repos\/diskeyster-crypto\/brains\/contents\/modules\/simulator\/parser6_simulator\/lib\/parser6_integration_trait.php","http_code":404,"time":"0.194s"}
2026-03-13T13:35:59+00:00 [INFO] [System] GitHub API request {"endpoint":"repos\/diskeyster-crypto\/brains\/contents\/modules\/simulator\/parser6_simulator\/lib\/parser6_pricefeed_trait.php","http_code":404,"time":"0.183s"}
2026-03-13T13:36:01+00:00 [INFO] [System] GitHub API request {"endpoint":"repos\/diskeyster-crypto\/brains\/contents\/modules\/simulator\/parser6_simulator\/lib\/parser6_signals_risk_trait.php","http_code":404,"time":"0.194s"}
2026-03-13T13:36:02+00:00 [INFO] [System] GitHub API request {"endpoint":"repos\/diskeyster-crypto\/brains\/contents\/modules\/simulator\/parser6_simulator\/lib\/parser6_stats_trait.php","http_code":404,"time":"0.198s"}
2026-03-13T13:36:04+00:00 [INFO] [System] GitHub API request {"endpoint":"repos\/diskeyster-crypto\/brains\/contents\/modules\/simulator\/parser6_simulator\/lib\/parser6_store_trait.php","http_code":404,"time":"0.188s"}
2026-03-13T13:36:05+00:00 [INFO] [System] GitHub API request {"endpoint":"repos\/diskeyster-crypto\/brains\/contents\/modules\/simulator\/parser6_simulator\/lib\/parser6_validator.php","http_code":404,"time":"0.185s"}
2026-03-13T13:36:07+00:00 [INFO] [System] GitHub API request {"endpoint":"repos\/diskeyster-crypto\/brains\/contents\/modules\/simulator\/parser6_simulator\/storage\/executed_index.json","http_code":404,"time":"0.203s"}
2026-03-13T13:36:08+00:00 [INFO] [System] GitHub API request {"endpoint":"repos\/diskeyster-crypto\/brains\/contents\/modules\/simulator\/parser6_simulator\/storage\/last_run.json","http_code":404,"time":"0.181s"}
2026-03-13T13:36:10+00:00 [INFO] [System] GitHub API request {"endpoint":"repos\/diskeyster-crypto\/brains\/contents\/modules\/simulator\/parser6_simulator\/storage\/simulation.json","http_code":404,"time":"0.204s"}
2026-03-13T13:36:12+00:00 [INFO] [System] GitHub API request {"endpoint":"repos\/diskeyster-crypto\/brains\/contents\/modules\/simulator\/parser6_simulator\/storage\/state.json","http_code":404,"time":"0.176s"}
2026-03-13T13:36:14+00:00 [INFO] [System] GitHub API request {"endpoint":"repos\/diskeyster-crypto\/brains\/contents\/modules\/simulator\/parser6_simulator\/storage\/stats_global.json","http_code":404,"time":"0.186s"}
2026-03-13T13:36:15+00:00 [INFO] [System] GitHub API request {"endpoint":"repos\/diskeyster-crypto\/brains\/contents\/modules\/simulator\/parser6_simulator\/storage\/trades_rejected.json","http_code":404,"time":"0.199s"}
2026-03-13T13:36:17+00:00 [INFO] [System] GitHub API request {"endpoint":"repos\/diskeyster-crypto\/brains\/contents\/modules\/simulator\/parser6_simulator\/storage\/training_dataset.ndjson","http_code":404,"time":"0.197s"}
2026-03-13T13:36:18+00:00 [INFO] [System] GitHub API request {"endpoint":"repos\/diskeyster-crypto\/brains\/contents\/modules\/simulator\/parser6_simulator\/storage\/training_trailing_sim.ndjson","http_code":404,"time":"0.195s"}
2026-03-13T13:36:20+00:00 [INFO] [System] GitHub API request {"endpoint":"repos\/diskeyster-crypto\/brains\/contents\/modules\/simulator\/parser6_simulator\/cron.php","http_code":404,"time":"0.176s"}
2026-03-13T13:36:22+00:00 [INFO] [System] GitHub API request {"endpoint":"repos\/diskeyster-crypto\/brains\/contents\/modules\/simulator\/parser6_simulator\/manifest.json","http_code":404,"time":"0.184s"}
2026-03-13T13:36:23+00:00 [INFO] [System] GitHub API request {"endpoint":"repos\/diskeyster-crypto\/brains\/contents\/modules\/simulator\/parser6_simulator\/manifest.php","http_code":404,"time":"0.19s"}
2026-03-13T13:36:25+00:00 [INFO] [System] GitHub API request {"endpoint":"repos\/diskeyster-crypto\/brains\/contents\/modules\/simulator\/parser6_simulator\/README.md","http_code":404,"time":"0.181s"}
2026-03-13T13:36:26+00:00 [INFO] [System] GitHub API request {"endpoint":"repos\/diskeyster-crypto\/brains\/contents\/modules\/simulator\/parser6_simulator\/runner.php","http_code":404,"time":"0.2s"}
2026-03-13T13:36:28+00:00 [INFO] [System] GitHub API request {"endpoint":"repos\/diskeyster-crypto\/brains\/contents\/modules\/simulator\/parser6_simulator\/service.php","http_code":404,"time":"0.192s"}
2026-03-13T13:36:29+00:00 [INFO] [System] GitHub API request {"endpoint":"repos\/diskeyster-crypto\/brains\/contents\/modules\/system\/brain\/config\/config.php","http_code":404,"time":"0.195s"}
2026-03-13T13:36:31+00:00 [INFO] [System] GitHub API request {"endpoint":"repos\/diskeyster-crypto\/brains\/contents\/modules\/system\/brain\/lib\/brain_core_trait.php","http_code":404,"time":"0.193s"}
2026-03-13T13:36:33+00:00 [INFO] [System] GitHub API request {"endpoint":"repos\/diskeyster-crypto\/brains\/contents\/modules\/system\/brain\/lib\/brain_fitness_trait.php","http_code":404,"time":"0.231s"}
2026-03-13T13:36:34+00:00 [INFO] [System] GitHub API request {"endpoint":"repos\/diskeyster-crypto\/brains\/contents\/modules\/system\/brain\/lib\/brain_graph_trait.php","http_code":404,"time":"0.196s"}
2026-03-13T13:36:36+00:00 [INFO] [System] GitHub API request {"endpoint":"repos\/diskeyster-crypto\/brains\/contents\/modules\/system\/brain\/lib\/brain_maintenance_trait.php","http_code":404,"time":"0.197s"}
2026-03-13T13:36:38+00:00 [INFO] [System] GitHub API request {"endpoint":"repos\/diskeyster-crypto\/brains\/contents\/modules\/system\/brain\/lib\/brain_passports_trait.php","http_code":404,"time":"0.221s"}
2026-03-13T13:36:39+00:00 [INFO] [System] GitHub API request {"endpoint":"repos\/diskeyster-crypto\/brains\/contents\/modules\/system\/brain\/lib\/brain_pipeline_trait.php","http_code":404,"time":"0.186s"}
2026-03-13T13:36:41+00:00 [INFO] [System] GitHub API request {"endpoint":"repos\/diskeyster-crypto\/brains\/contents\/modules\/system\/brain\/lib\/brain_profiles_trait.php","http_code":404,"time":"0.19s"}
2026-03-13T13:36:42+00:00 [INFO] [System] GitHub API request {"endpoint":"repos\/diskeyster-crypto\/brains\/contents\/modules\/system\/brain\/lib\/brain_strategies_trait.php","http_code":404,"time":"0.198s"}
2026-03-13T13:36:44+00:00 [INFO] [System] GitHub API request {"endpoint":"repos\/diskeyster-crypto\/brains\/contents\/modules\/system\/brain\/lib\/brain_streams_trait.php","http_code":404,"time":"0.186s"}
2026-03-13T13:36:46+00:00 [INFO] [System] GitHub API request {"endpoint":"repos\/diskeyster-crypto\/brains\/contents\/modules\/system\/brain\/lib\/brain_symbol_policy_trait.php","http_code":404,"time":"0.187s"}
2026-03-13T13:36:47+00:00 [INFO] [System] GitHub API request {"endpoint":"repos\/diskeyster-crypto\/brains\/contents\/modules\/system\/brain\/lib\/brain_trailing_learning_trait.php","http_code":404,"time":"0.182s"}
2026-03-13T13:36:49+00:00 [INFO] [System] GitHub API request {"endpoint":"repos\/diskeyster-crypto\/brains\/contents\/modules\/system\/brain\/lib\/brain_validator.php","http_code":404,"time":"0.191s"}
2026-03-13T13:36:50+00:00 [INFO] [System] GitHub API request {"endpoint":"repos\/diskeyster-crypto\/brains\/contents\/modules\/system\/brain\/storage\/config_overrides.json","http_code":404,"time":"0.222s"}
2026-03-13T13:36:52+00:00 [INFO] [System] GitHub API request {"endpoint":"repos\/diskeyster-crypto\/brains\/contents\/modules\/system\/brain\/storage\/decisions.jsonl","http_code":404,"time":"0.179s"}
2026-03-13T13:36:54+00:00 [INFO] [System] GitHub API request {"endpoint":"repos\/diskeyster-crypto\/brains\/contents\/modules\/system\/brain\/storage\/last_run.json","http_code":404,"time":"0.2s"}
2026-03-13T13:36:56+00:00 [INFO] [System] GitHub API request {"endpoint":"repos\/diskeyster-crypto\/brains\/contents\/modules\/system\/brain\/storage\/process_journal.ndjson","http_code":404,"time":"0.2s"}
2026-03-13T13:36:59+00:00 [INFO] [System] GitHub API request {"endpoint":"repos\/diskeyster-crypto\/brains\/contents\/modules\/system\/brain\/storage\/signals.json","http_code":404,"time":"0.192s"}
2026-03-13T13:37:00+00:00 [INFO] [System] GitHub API request {"endpoint":"repos\/diskeyster-crypto\/brains\/contents\/modules\/system\/brain\/storage\/state.json","http_code":404,"time":"0.205s"}
2026-03-13T13:37:02+00:00 [INFO] [System] GitHub API request {"endpoint":"repos\/diskeyster-crypto\/brains\/contents\/modules\/system\/brain\/views\/_layout.php","http_code":404,"time":"0.189s"}
2026-03-13T13:37:03+00:00 [INFO] [System] GitHub API request {"endpoint":"repos\/diskeyster-crypto\/brains\/contents\/modules\/system\/brain\/views\/_tabs.php","http_code":404,"time":"0.198s"}
2026-03-13T13:37:05+00:00 [INFO] [System] GitHub API request {"endpoint":"repos\/diskeyster-crypto\/brains\/contents\/modules\/system\/brain\/views\/coin_passports.php","http_code":404,"time":"0.212s"}
2026-03-13T13:37:06+00:00 [INFO] [System] GitHub API request {"endpoint":"repos\/diskeyster-crypto\/brains\/contents\/modules\/system\/brain\/views\/decisions.php","http_code":404,"time":"0.197s"}
2026-03-13T13:37:08+00:00 [INFO] [System] GitHub API request {"endpoint":"repos\/diskeyster-crypto\/brains\/contents\/modules\/system\/brain\/views\/index.php","http_code":404,"time":"0.186s"}
2026-03-13T13:37:10+00:00 [INFO] [System] GitHub API request {"endpoint":"repos\/diskeyster-crypto\/brains\/contents\/modules\/system\/brain\/views\/passports.php","http_code":404,"time":"0.222s"}
2026-03-13T13:37:11+00:00 [INFO] [System] GitHub API request {"endpoint":"repos\/diskeyster-crypto\/brains\/contents\/modules\/system\/brain\/views\/profiles.php","http_code":404,"time":"0.216s"}
2026-03-13T13:37:13+00:00 [INFO] [System] GitHub API request {"endpoint":"repos\/diskeyster-crypto\/brains\/contents\/modules\/system\/brain\/views\/runs.php","http_code":404,"time":"0.203s"}
2026-03-13T13:37:14+00:00 [INFO] [System] GitHub API request {"endpoint":"repos\/diskeyster-crypto\/brains\/contents\/modules\/system\/brain\/views\/runtime.php","http_code":404,"time":"0.232s"}
2026-03-13T13:37:16+00:00 [INFO] [System] GitHub API request {"endpoint":"repos\/diskeyster-crypto\/brains\/contents\/modules\/system\/brain\/views\/strategies.php","http_code":404,"time":"0.204s"}
2026-03-13T13:37:18+00:00 [INFO] [System] GitHub API request {"endpoint":"repos\/diskeyster-crypto\/brains\/contents\/modules\/system\/brain\/views\/timeline.php","http_code":404,"time":"0.194s"}
2026-03-13T13:37:19+00:00 [INFO] [System] GitHub API request {"endpoint":"repos\/diskeyster-crypto\/brains\/contents\/modules\/system\/brain\/brainprocessrunner.php","http_code":404,"time":"0.181s"}
2026-03-13T13:37:21+00:00 [INFO] [System] GitHub API request {"endpoint":"repos\/diskeyster-crypto\/brains\/contents\/modules\/system\/brain\/controller.php","http_code":404,"time":"0.192s"}
2026-03-13T13:37:22+00:00 [INFO] [System] GitHub API request {"endpoint":"repos\/diskeyster-crypto\/brains\/contents\/modules\/system\/brain\/cron.php","http_code":404,"time":"0.193s"}
2026-03-13T13:37:24+00:00 [INFO] [System] GitHub API request {"endpoint":"repos\/diskeyster-crypto\/brains\/contents\/modules\/system\/brain\/manifest.json","http_code":404,"time":"0.187s"}
2026-03-13T13:37:25+00:00 [INFO] [System] GitHub API request {"endpoint":"repos\/diskeyster-crypto\/brains\/contents\/modules\/system\/brain\/manifest.php","http_code":404,"time":"0.177s"}
2026-03-13T13:37:27+00:00 [INFO] [System] GitHub API request {"endpoint":"repos\/diskeyster-crypto\/brains\/contents\/modules\/system\/brain\/mod_class.txt","http_code":404,"time":"0.19s"}
2026-03-13T13:37:28+00:00 [INFO] [System] GitHub API request {"endpoint":"repos\/diskeyster-crypto\/brains\/contents\/modules\/system\/brain\/service.php","http_code":404,"time":"0.182s"}
2026-03-13T13:37:30+00:00 [INFO] [System] GitHub API request {"endpoint":"repos\/diskeyster-crypto\/brains\/contents\/modules\/system\/category\/views\/index.php","http_code":404,"time":"0.165s"}
2026-03-13T13:37:31+00:00 [INFO] [System] GitHub API request {"endpoint":"repos\/diskeyster-crypto\/brains\/contents\/modules\/system\/category\/controller.php","http_code":404,"time":"0.184s"}
2026-03-13T13:37:33+00:00 [INFO] [System] GitHub API request {"endpoint":"repos\/diskeyster-crypto\/brains\/contents\/modules\/system\/github\/services\/backupservice.php","http_code":404,"time":"0.186s"}
2026-03-13T13:37:35+00:00 [INFO] [System] GitHub API request {"endpoint":"repos\/diskeyster-crypto\/brains\/contents\/modules\/system\/github\/services\/classifyservice.php","http_code":404,"time":"0.211s"}
2026-03-13T13:37:36+00:00 [INFO] [System] GitHub API request {"endpoint":"repos\/diskeyster-crypto\/brains\/contents\/modules\/system\/github\/services\/fetchservice.php","http_code":404,"time":"0.195s"}
2026-03-13T13:37:37+00:00 [INFO] [System] GitHub API request {"endpoint":"repos\/diskeyster-crypto\/brains\/contents\/modules\/system\/github\/services\/gitservice.php","http_code":404,"time":"0.186s"}
2026-03-13T13:37:39+00:00 [INFO] [System] GitHub API request {"endpoint":"repos\/diskeyster-crypto\/brains\/contents\/modules\/system\/github\/services\/rollbackservice.php","http_code":404,"time":"0.19s"}
2026-03-13T13:37:40+00:00 [INFO] [System] GitHub API request {"endpoint":"repos\/diskeyster-crypto\/brains\/contents\/modules\/system\/github\/services\/updateservice.php","http_code":404,"time":"0.183s"}
2026-03-13T13:37:42+00:00 [INFO] [System] GitHub API request {"endpoint":"repos\/diskeyster-crypto\/brains\/contents\/modules\/system\/github\/views\/backups.php","http_code":404,"time":"0.189s"}
2026-03-13T13:37:44+00:00 [INFO] [System] GitHub API request {"endpoint":"repos\/diskeyster-crypto\/brains\/contents\/modules\/system\/github\/views\/classify.php","http_code":404,"time":"0.181s"}
2026-03-13T13:37:45+00:00 [INFO] [System] GitHub API request {"endpoint":"repos\/diskeyster-crypto\/brains\/contents\/modules\/system\/github\/views\/fetch.php","http_code":404,"time":"0.368s"}
2026-03-13T13:37:47+00:00 [INFO] [System] GitHub API request {"endpoint":"repos\/diskeyster-crypto\/brains\/contents\/modules\/system\/github\/views\/index.php","http_code":404,"time":"0.194s"}
2026-03-13T13:37:48+00:00 [INFO] [System] GitHub API request {"endpoint":"repos\/diskeyster-crypto\/brains\/contents\/modules\/system\/github\/views\/rollback.php","http_code":404,"time":"0.188s"}
2026-03-13T13:37:50+00:00 [INFO] [System] GitHub API request {"endpoint":"repos\/diskeyster-crypto\/brains\/contents\/modules\/system\/github\/views\/settings.php","http_code":404,"time":"0.201s"}
2026-03-13T13:37:51+00:00 [INFO] [System] GitHub API request {"endpoint":"repos\/diskeyster-crypto\/brains\/contents\/modules\/system\/github\/views\/test.php","http_code":404,"time":"0.224s"}
2026-03-13T13:37:53+00:00 [INFO] [System] GitHub API request {"endpoint":"repos\/diskeyster-crypto\/brains\/contents\/modules\/system\/github\/views\/update.php","http_code":404,"time":"0.181s"}
2026-03-13T13:37:59+00:00 [INFO] [System] GitHub API request {"endpoint":"repos\/diskeyster-crypto\/brains\/contents\/modules\/system\/github\/views\/upload.php","http_code":404,"time":"5.196s"}
2026-03-13T13:38:01+00:00 [INFO] [System] GitHub API request {"endpoint":"repos\/diskeyster-crypto\/brains\/contents\/modules\/system\/github\/controller.php","http_code":404,"time":"0.17s"}
2026-03-13T13:38:03+00:00 [INFO] [System] GitHub API request {"endpoint":"repos\/diskeyster-crypto\/brains\/contents\/modules\/system\/github\/gateway.php","http_code":404,"time":"0.222s"}
2026-03-13T13:38:04+00:00 [INFO] [System] GitHub API request {"endpoint":"repos\/diskeyster-crypto\/brains\/contents\/modules\/system\/github\/manifest.php","http_code":404,"time":"0.208s"}
2026-03-13T13:38:06+00:00 [INFO] [System] GitHub API request {"endpoint":"repos\/diskeyster-crypto\/brains\/contents\/modules\/system\/pages\/views\/index.php","http_code":404,"time":"0.192s"}
2026-03-13T13:38:07+00:00 [INFO] [System] GitHub API request {"endpoint":"repos\/diskeyster-crypto\/brains\/contents\/modules\/system\/pages\/controller.php","http_code":404,"time":"0.188s"}
2026-03-13T13:38:09+00:00 [INFO] [System] GitHub API request {"endpoint":"repos\/diskeyster-crypto\/brains\/contents\/modules\/system\/pages\/registry.php","http_code":404,"time":"0.176s"}
2026-03-13T13:38:10+00:00 [INFO] [System] GitHub API request {"endpoint":"repos\/diskeyster-crypto\/brains\/contents\/modules\/system\/parser\/views\/index.php","http_code":404,"time":"0.225s"}
2026-03-13T13:38:12+00:00 [INFO] [System] GitHub API request {"endpoint":"repos\/diskeyster-crypto\/brains\/contents\/modules\/system\/parser\/controller.php","http_code":404,"time":"0.187s"}
2026-03-13T13:38:14+00:00 [INFO] [System] GitHub API request {"endpoint":"repos\/diskeyster-crypto\/brains\/contents\/modules\/system\/profit_manager\/config\/config.php","http_code":404,"time":"0.387s"}
2026-03-13T13:38:15+00:00 [INFO] [System] GitHub API request {"endpoint":"repos\/diskeyster-crypto\/brains\/contents\/modules\/system\/profit_manager\/lib\/position_selector.php","http_code":404,"time":"0.228s"}
2026-03-13T13:38:17+00:00 [INFO] [System] GitHub API request {"endpoint":"repos\/diskeyster-crypto\/brains\/contents\/modules\/system\/profit_manager\/lib\/profit_manager.php","http_code":404,"time":"0.195s"}
2026-03-13T13:38:18+00:00 [INFO] [System] GitHub API request {"endpoint":"repos\/diskeyster-crypto\/brains\/contents\/modules\/system\/profit_manager\/lib\/risk_math.php","http_code":404,"time":"0.187s"}
2026-03-13T13:38:20+00:00 [INFO] [System] GitHub API request {"endpoint":"repos\/diskeyster-crypto\/brains\/contents\/modules\/system\/profit_manager\/lib\/stop_applier.php","http_code":404,"time":"0.252s"}
2026-03-13T13:38:21+00:00 [INFO] [System] GitHub API request {"endpoint":"repos\/diskeyster-crypto\/brains\/contents\/modules\/system\/profit_manager\/lib\/store.php","http_code":404,"time":"0.184s"}
2026-03-13T13:38:23+00:00 [INFO] [System] GitHub API request {"endpoint":"repos\/diskeyster-crypto\/brains\/contents\/modules\/system\/profit_manager\/lib\/validator.php","http_code":404,"time":"0.192s"}
2026-03-13T13:38:25+00:00 [INFO] [System] GitHub API request {"endpoint":"repos\/diskeyster-crypto\/brains\/contents\/modules\/system\/profit_manager\/views\/index.php","http_code":404,"time":"0.21s"}
2026-03-13T13:38:26+00:00 [INFO] [System] GitHub API request {"endpoint":"repos\/diskeyster-crypto\/brains\/contents\/modules\/system\/profit_manager\/bootstrap.php","http_code":404,"time":"0.186s"}
2026-03-13T13:38:28+00:00 [INFO] [System] GitHub API request {"endpoint":"repos\/diskeyster-crypto\/brains\/contents\/modules\/system\/profit_manager\/controller.php","http_code":404,"time":"0.384s"}
2026-03-13T13:38:29+00:00 [INFO] [System] GitHub API request {"endpoint":"repos\/diskeyster-crypto\/brains\/contents\/modules\/system\/profit_manager\/cron.php","http_code":404,"time":"0.188s"}
2026-03-13T13:38:31+00:00 [INFO] [System] GitHub API request {"endpoint":"repos\/diskeyster-crypto\/brains\/contents\/modules\/system\/profit_manager\/gateway.php","http_code":404,"time":"0.212s"}
2026-03-13T13:38:32+00:00 [INFO] [System] GitHub API request {"endpoint":"repos\/diskeyster-crypto\/brains\/contents\/modules\/system\/profit_manager\/manifest.json","http_code":404,"time":"0.181s"}
2026-03-13T13:38:34+00:00 [INFO] [System] GitHub API request {"endpoint":"repos\/diskeyster-crypto\/brains\/contents\/modules\/system\/profit_manager\/mod_class.txt","http_code":404,"time":"0.183s"}
2026-03-13T13:38:35+00:00 [INFO] [System] GitHub API request {"endpoint":"repos\/diskeyster-crypto\/brains\/contents\/modules\/system\/profit_manager\/service.php","http_code":404,"time":"0.187s"}
2026-03-13T13:38:37+00:00 [INFO] [System] GitHub API request {"endpoint":"repos\/diskeyster-crypto\/brains\/contents\/modules\/system\/simulator\/views\/index.php","http_code":404,"time":"0.179s"}
2026-03-13T13:38:38+00:00 [INFO] [System] GitHub API request {"endpoint":"repos\/diskeyster-crypto\/brains\/contents\/modules\/system\/simulator\/controller.php","http_code":404,"time":"0.202s"}
2026-03-13T13:38:40+00:00 [INFO] [System] GitHub API request {"endpoint":"repos\/diskeyster-crypto\/brains\/contents\/modules\/system\/smart_brain\/config\/config.php","http_code":404,"time":"0.203s"}
2026-03-13T13:38:42+00:00 [INFO] [System] GitHub API request {"endpoint":"repos\/diskeyster-crypto\/brains\/contents\/modules\/system\/smart_brain\/config\/corridor.php","http_code":404,"time":"0.199s"}
2026-03-13T13:38:43+00:00 [INFO] [System] GitHub API request {"endpoint":"repos\/diskeyster-crypto\/brains\/contents\/modules\/system\/smart_brain\/config\/parser4.php","http_code":404,"time":"0.174s"}
2026-03-13T13:38:44+00:00 [INFO] [System] GitHub API request {"endpoint":"repos\/diskeyster-crypto\/brains\/contents\/modules\/system\/smart_brain\/config\/profiles.php","http_code":404,"time":"0.173s"}
2026-03-13T13:38:46+00:00 [INFO] [System] GitHub API request {"endpoint":"repos\/diskeyster-crypto\/brains\/contents\/modules\/system\/smart_brain\/config\/risk_engine.php","http_code":404,"time":"0.184s"}
2026-03-13T13:38:47+00:00 [INFO] [System] GitHub API request {"endpoint":"repos\/diskeyster-crypto\/brains\/contents\/modules\/system\/smart_brain\/config\/simulator.php","http_code":404,"time":"0.183s"}
2026-03-13T13:38:49+00:00 [INFO] [System] GitHub API request {"endpoint":"repos\/diskeyster-crypto\/brains\/contents\/modules\/system\/smart_brain\/config\/ui.php","http_code":404,"time":"0.186s"}
2026-03-13T13:38:50+00:00 [INFO] [System] GitHub API request {"endpoint":"repos\/diskeyster-crypto\/brains\/contents\/modules\/system\/smart_brain\/lib\/coin_passport_engine.php","http_code":404,"time":"0.229s"}
2026-03-13T13:38:52+00:00 [INFO] [System] GitHub API request {"endpoint":"repos\/diskeyster-crypto\/brains\/contents\/modules\/system\/smart_brain\/lib\/corridor_monitor.php","http_code":404,"time":"0.175s"}
2026-03-13T13:38:55+00:00 [INFO] [System] GitHub API request {"endpoint":"repos\/diskeyster-crypto\/brains\/contents\/modules\/system\/smart_brain\/lib\/parser4_analyzer.php","http_code":404,"time":"1.222s"}
2026-03-13T13:38:56+00:00 [INFO] [System] GitHub API request {"endpoint":"repos\/diskeyster-crypto\/brains\/contents\/modules\/system\/smart_brain\/lib\/risk_engine.php","http_code":404,"time":"0.172s"}
2026-03-13T13:38:58+00:00 [INFO] [System] GitHub API request {"endpoint":"repos\/diskeyster-crypto\/brains\/contents\/modules\/system\/smart_brain\/lib\/signal_builder.php","http_code":404,"time":"0.187s"}
2026-03-13T13:38:59+00:00 [INFO] [System] GitHub API request {"endpoint":"repos\/diskeyster-crypto\/brains\/contents\/modules\/system\/smart_brain\/lib\/simulator_engine.php","http_code":404,"time":"0.172s"}
2026-03-13T13:39:01+00:00 [INFO] [System] GitHub API request {"endpoint":"repos\/diskeyster-crypto\/brains\/contents\/modules\/system\/smart_brain\/lib\/smart_brain_config.php","http_code":404,"time":"0.184s"}
2026-03-13T13:39:02+00:00 [INFO] [System] GitHub API request {"endpoint":"repos\/diskeyster-crypto\/brains\/contents\/modules\/system\/smart_brain\/lib\/smart_brain_core.php","http_code":404,"time":"0.238s"}
2026-03-13T13:39:04+00:00 [INFO] [System] GitHub API request {"endpoint":"repos\/diskeyster-crypto\/brains\/contents\/modules\/system\/smart_brain\/lib\/smart_brain_logger.php","http_code":404,"time":"0.2s"}
2026-03-13T13:39:05+00:00 [INFO] [System] GitHub API request {"endpoint":"repos\/diskeyster-crypto\/brains\/contents\/modules\/system\/smart_brain\/lib\/smart_brain_runtime.php","http_code":404,"time":"0.199s"}
2026-03-13T13:39:07+00:00 [INFO] [System] GitHub API request {"endpoint":"repos\/diskeyster-crypto\/brains\/contents\/modules\/system\/smart_brain\/lib\/state_manager.php","http_code":404,"time":"0.198s"}
2026-03-13T13:39:11+00:00 [INFO] [System] GitHub API request {"endpoint":"repos\/diskeyster-crypto\/brains\/contents\/modules\/system\/smart_brain\/runtime\/config.snapshot.json","http_code":404,"time":"0.189s"}
2026-03-13T13:39:12+00:00 [INFO] [System] GitHub API request {"endpoint":"repos\/diskeyster-crypto\/brains\/contents\/modules\/system\/smart_brain\/storage\/last_run.json","http_code":404,"time":"0.198s"}
2026-03-13T13:39:14+00:00 [INFO] [System] GitHub API request {"endpoint":"repos\/diskeyster-crypto\/brains\/contents\/modules\/system\/smart_brain\/storage\/monitors.json","http_code":404,"time":"0.207s"}
2026-03-13T13:39:16+00:00 [INFO] [System] GitHub API request {"endpoint":"repos\/diskeyster-crypto\/brains\/contents\/modules\/system\/smart_brain\/storage\/signals.json","http_code":404,"time":"0.401s"}
2026-03-13T13:39:17+00:00 [INFO] [System] GitHub API request {"endpoint":"repos\/diskeyster-crypto\/brains\/contents\/modules\/system\/smart_brain\/views\/index.php","http_code":404,"time":"0.205s"}
2026-03-13T13:39:19+00:00 [INFO] [System] GitHub API request {"endpoint":"repos\/diskeyster-crypto\/brains\/contents\/modules\/system\/smart_brain\/controller.php","http_code":404,"time":"0.202s"}
2026-03-13T13:39:20+00:00 [INFO] [System] GitHub API request {"endpoint":"repos\/diskeyster-crypto\/brains\/contents\/modules\/system\/smart_brain\/cron.php","http_code":404,"time":"0.231s"}
2026-03-13T13:39:22+00:00 [INFO] [System] GitHub API request {"endpoint":"repos\/diskeyster-crypto\/brains\/contents\/modules\/system\/smart_brain\/index.php","http_code":404,"time":"0.188s"}
2026-03-13T13:39:24+00:00 [INFO] [System] GitHub API request {"endpoint":"repos\/diskeyster-crypto\/brains\/contents\/modules\/system\/smart_brain\/manifest.php","http_code":404,"time":"0.226s"}
2026-03-13T13:39:25+00:00 [INFO] [System] GitHub API request {"endpoint":"repos\/diskeyster-crypto\/brains\/contents\/modules\/system\/smart_brain\/service.php","http_code":404,"time":"0.23s"}
2026-03-13T13:39:27+00:00 [INFO] [System] GitHub API request {"endpoint":"repos\/diskeyster-crypto\/brains\/contents\/modules\/system\/smart_brain\/SMART_BRAIN_BUILD_PLAN.txt","http_code":404,"time":"0.193s"}
2026-03-13T13:39:28+00:00 [INFO] [System] GitHub API request {"endpoint":"repos\/diskeyster-crypto\/brains\/contents\/modules\/system\/theme\/controller\/admin.controller.php","http_code":404,"time":"0.198s"}
2026-03-13T13:39:30+00:00 [INFO] [System] GitHub API request {"endpoint":"repos\/diskeyster-crypto\/brains\/contents\/modules\/system\/theme\/service\/theme.apply.php","http_code":404,"time":"0.186s"}
2026-03-13T13:39:32+00:00 [INFO] [System] GitHub API request {"endpoint":"repos\/diskeyster-crypto\/brains\/contents\/modules\/system\/theme\/service\/theme.builder.php","http_code":404,"time":"0.194s"}
2026-03-13T13:39:33+00:00 [INFO] [System] GitHub API request {"endpoint":"repos\/diskeyster-crypto\/brains\/contents\/modules\/system\/theme\/service\/theme.export.php","http_code":404,"time":"0.181s"}
2026-03-13T13:39:35+00:00 [INFO] [System] GitHub API request {"endpoint":"repos\/diskeyster-crypto\/brains\/contents\/modules\/system\/theme\/service\/theme.loader.php","http_code":404,"time":"0.193s"}
2026-03-13T13:39:36+00:00 [INFO] [System] GitHub API request {"endpoint":"repos\/diskeyster-crypto\/brains\/contents\/modules\/system\/theme\/service\/theme.storage.php","http_code":404,"time":"0.185s"}
2026-03-13T13:39:38+00:00 [INFO] [System] GitHub API request {"endpoint":"repos\/diskeyster-crypto\/brains\/contents\/modules\/system\/theme\/views\/create.php","http_code":404,"time":"0.205s"}
2026-03-13T13:39:39+00:00 [INFO] [System] GitHub API request {"endpoint":"repos\/diskeyster-crypto\/brains\/contents\/modules\/system\/theme\/views\/dashboard.php","http_code":404,"time":"0.2s"}
2026-03-13T13:39:41+00:00 [INFO] [System] GitHub API request {"endpoint":"repos\/diskeyster-crypto\/brains\/contents\/modules\/system\/theme\/views\/editor.php","http_code":404,"time":"0.251s"}
2026-03-13T13:39:42+00:00 [INFO] [System] GitHub API request {"endpoint":"repos\/diskeyster-crypto\/brains\/contents\/modules\/system\/theme\/views\/import.php","http_code":404,"time":"0.191s"}
2026-03-13T13:39:44+00:00 [INFO] [System] GitHub API request {"endpoint":"repos\/diskeyster-crypto\/brains\/contents\/modules\/system\/theme\/views\/layouts.php","http_code":404,"time":"0.183s"}
2026-03-13T13:39:45+00:00 [INFO] [System] GitHub API request {"endpoint":"repos\/diskeyster-crypto\/brains\/contents\/modules\/system\/theme\/views\/preview.php","http_code":404,"time":"0.228s"}
2026-03-13T13:39:47+00:00 [INFO] [System] GitHub API request {"endpoint":"repos\/diskeyster-crypto\/brains\/contents\/modules\/system\/theme\/manifest.php","http_code":404,"time":"0.194s"}
2026-03-13T13:39:49+00:00 [INFO] [System] GitHub API request {"endpoint":"repos\/diskeyster-crypto\/brains\/contents\/modules\/system\/theme\/theme.module.php","http_code":404,"time":"0.183s"}
2026-03-13T13:39:50+00:00 [INFO] [System] GitHub API request {"endpoint":"repos\/diskeyster-crypto\/brains\/contents\/modules\/system\/trading_bot\/config\/bot.json","http_code":404,"time":"0.191s"}
2026-03-13T13:39:52+00:00 [INFO] [System] GitHub API request {"endpoint":"repos\/diskeyster-crypto\/brains\/contents\/modules\/system\/trading_bot\/config\/config.php","http_code":404,"time":"0.191s"}
2026-03-13T13:39:54+00:00 [INFO] [System] GitHub API request {"endpoint":"repos\/diskeyster-crypto\/brains\/contents\/modules\/system\/trading_bot\/lib\/bot_api_trait.php","http_code":404,"time":"0.602s"}
2026-03-13T13:39:55+00:00 [INFO] [System] GitHub API request {"endpoint":"repos\/diskeyster-crypto\/brains\/contents\/modules\/system\/trading_bot\/lib\/bot_commands_trait.php","http_code":404,"time":"0.192s"}
2026-03-13T13:39:57+00:00 [INFO] [System] GitHub API request {"endpoint":"repos\/diskeyster-crypto\/brains\/contents\/modules\/system\/trading_bot\/lib\/bot_config_trait.php","http_code":404,"time":"0.202s"}
2026-03-13T13:39:58+00:00 [INFO] [System] GitHub API request {"endpoint":"repos\/diskeyster-crypto\/brains\/contents\/modules\/system\/trading_bot\/lib\/bot_core_trait.php","http_code":404,"time":"0.213s"}
2026-03-13T13:40:00+00:00 [INFO] [System] GitHub API request {"endpoint":"repos\/diskeyster-crypto\/brains\/contents\/modules\/system\/trading_bot\/lib\/bot_executor_trait.php","http_code":404,"time":"0.215s"}
2026-03-13T13:40:01+00:00 [INFO] [System] GitHub API request {"endpoint":"repos\/diskeyster-crypto\/brains\/contents\/modules\/system\/trading_bot\/lib\/bot_reconcile_trait.php","http_code":404,"time":"0.202s"}
2026-03-13T13:40:03+00:00 [INFO] [System] GitHub API request {"endpoint":"repos\/diskeyster-crypto\/brains\/contents\/modules\/system\/trading_bot\/lib\/bot_risk_engine.php","http_code":404,"time":"0.193s"}
2026-03-13T13:40:05+00:00 [INFO] [System] GitHub API request {"endpoint":"repos\/diskeyster-crypto\/brains\/contents\/modules\/system\/trading_bot\/lib\/bot_sources_trait.php","http_code":404,"time":"0.206s"}
2026-03-13T13:40:06+00:00 [INFO] [System] GitHub API request {"endpoint":"repos\/diskeyster-crypto\/brains\/contents\/modules\/system\/trading_bot\/lib\/bot_store.php","http_code":404,"time":"0.256s"}
2026-03-13T13:40:08+00:00 [INFO] [System] GitHub API request {"endpoint":"repos\/diskeyster-crypto\/brains\/contents\/modules\/system\/trading_bot\/lib\/bot_trailing_engine.php","http_code":404,"time":"0.226s"}
2026-03-13T13:40:09+00:00 [INFO] [System] GitHub API request {"endpoint":"repos\/diskeyster-crypto\/brains\/contents\/modules\/system\/trading_bot\/lib\/bot_validator.php","http_code":404,"time":"0.201s"}
2026-03-13T13:40:11+00:00 [INFO] [System] GitHub API request {"endpoint":"repos\/diskeyster-crypto\/brains\/contents\/modules\/system\/trading_bot\/storage\/executed_index.json","http_code":404,"time":"0.207s"}
2026-03-13T13:40:13+00:00 [INFO] [System] GitHub API request {"endpoint":"repos\/diskeyster-crypto\/brains\/contents\/modules\/system\/trading_bot\/storage\/last_run.json","http_code":404,"time":"0.386s"}
2026-03-13T13:40:15+00:00 [INFO] [System] GitHub API request {"endpoint":"repos\/diskeyster-crypto\/brains\/contents\/modules\/system\/trading_bot\/views\/_layout.php","http_code":404,"time":"0.212s"}
2026-03-13T13:40:16+00:00 [INFO] [System] GitHub API request {"endpoint":"repos\/diskeyster-crypto\/brains\/contents\/modules\/system\/trading_bot\/views\/_tabs.php","http_code":404,"time":"0.181s"}
2026-03-13T13:40:18+00:00 [INFO] [System] GitHub API request {"endpoint":"repos\/diskeyster-crypto\/brains\/contents\/modules\/system\/trading_bot\/views\/dashboard.php","http_code":404,"time":"0.196s"}
2026-03-13T13:40:20+00:00 [INFO] [System] GitHub API request {"endpoint":"repos\/diskeyster-crypto\/brains\/contents\/modules\/system\/trading_bot\/views\/index.php","http_code":404,"time":"0.216s"}
2026-03-13T13:40:22+00:00 [INFO] [System] GitHub API request {"endpoint":"repos\/diskeyster-crypto\/brains\/contents\/modules\/system\/trading_bot\/views\/intents.php","http_code":404,"time":"0.193s"}
2026-03-13T13:40:24+00:00 [INFO] [System] GitHub API request {"endpoint":"repos\/diskeyster-crypto\/brains\/contents\/modules\/system\/trading_bot\/views\/logs.php","http_code":404,"time":"0.196s"}
2026-03-13T13:40:25+00:00 [INFO] [System] GitHub API request {"endpoint":"repos\/diskeyster-crypto\/brains\/contents\/modules\/system\/trading_bot\/views\/orders.php","http_code":404,"time":"0.24s"}
2026-03-13T13:40:27+00:00 [INFO] [System] GitHub API request {"endpoint":"repos\/diskeyster-crypto\/brains\/contents\/modules\/system\/trading_bot\/views\/profit.php","http_code":404,"time":"0.217s"}
2026-03-13T13:40:29+00:00 [INFO] [System] GitHub API request {"endpoint":"repos\/diskeyster-crypto\/brains\/contents\/modules\/system\/trading_bot\/views\/settings.php","http_code":404,"time":"0.198s"}
2026-03-13T13:40:30+00:00 [INFO] [System] GitHub API request {"endpoint":"repos\/diskeyster-crypto\/brains\/contents\/modules\/system\/trading_bot\/views\/trades.php","http_code":404,"time":"0.182s"}
2026-03-13T13:40:32+00:00 [INFO] [System] GitHub API request {"endpoint":"repos\/diskeyster-crypto\/brains\/contents\/modules\/system\/trading_bot\/bootstrap.php","http_code":404,"time":"0.588s"}
2026-03-13T13:40:34+00:00 [INFO] [System] GitHub API request {"endpoint":"repos\/diskeyster-crypto\/brains\/contents\/modules\/system\/trading_bot\/controller.php","http_code":404,"time":"0.186s"}
2026-03-13T13:40:36+00:00 [INFO] [System] GitHub API request {"endpoint":"repos\/diskeyster-crypto\/brains\/contents\/modules\/system\/trading_bot\/cron.php","http_code":404,"time":"0.171s"}
2026-03-13T13:40:37+00:00 [INFO] [System] GitHub API request {"endpoint":"repos\/diskeyster-crypto\/brains\/contents\/modules\/system\/trading_bot\/gateway.php","http_code":404,"time":"0.355s"}
2026-03-13T13:40:39+00:00 [INFO] [System] GitHub API request {"endpoint":"repos\/diskeyster-crypto\/brains\/contents\/modules\/system\/trading_bot\/manifest.json","http_code":404,"time":"0.196s"}
2026-03-13T13:40:41+00:00 [INFO] [System] GitHub API request {"endpoint":"repos\/diskeyster-crypto\/brains\/contents\/modules\/system\/trading_bot\/manifest.php","http_code":404,"time":"0.193s"}
2026-03-13T13:40:42+00:00 [INFO] [System] GitHub API request {"endpoint":"repos\/diskeyster-crypto\/brains\/contents\/modules\/system\/trading_bot\/mod_class.txt","http_code":404,"time":"0.226s"}
2026-03-13T13:40:44+00:00 [INFO] [System] GitHub API request {"endpoint":"repos\/diskeyster-crypto\/brains\/contents\/modules\/system\/trading_bot\/service.php","http_code":404,"time":"0.184s"}
2026-03-13T13:40:46+00:00 [INFO] [System] GitHub API request {"endpoint":"repos\/diskeyster-crypto\/brains\/contents\/modules\/system\/ui\/views\/cron.php","http_code":404,"time":"0.178s"}
2026-03-13T13:40:47+00:00 [INFO] [System] GitHub API request {"endpoint":"repos\/diskeyster-crypto\/brains\/contents\/modules\/system\/ui\/views\/dashboard.php","http_code":404,"time":"0.377s"}
2026-03-13T13:40:49+00:00 [INFO] [System] GitHub API request {"endpoint":"repos\/diskeyster-crypto\/brains\/contents\/modules\/system\/ui\/views\/health.php","http_code":404,"time":"0.184s"}
2026-03-13T13:40:50+00:00 [INFO] [System] GitHub API request {"endpoint":"repos\/diskeyster-crypto\/brains\/contents\/modules\/system\/ui\/views\/keys.php","http_code":404,"time":"0.22s"}
2026-03-13T13:40:52+00:00 [INFO] [System] GitHub API request {"endpoint":"repos\/diskeyster-crypto\/brains\/contents\/modules\/system\/ui\/views\/logs.php","http_code":404,"time":"0.195s"}
2026-03-13T13:40:54+00:00 [INFO] [System] GitHub API request {"endpoint":"repos\/diskeyster-crypto\/brains\/contents\/modules\/system\/ui\/views\/paths.php","http_code":404,"time":"0.242s"}
2026-03-13T13:40:55+00:00 [INFO] [System] GitHub API request {"endpoint":"repos\/diskeyster-crypto\/brains\/contents\/modules\/system\/ui\/views\/storage.php","http_code":404,"time":"0.197s"}
2026-03-13T13:40:57+00:00 [INFO] [System] GitHub API request {"endpoint":"repos\/diskeyster-crypto\/brains\/contents\/modules\/system\/ui\/controller.php","http_code":404,"time":"0.184s"}
2026-03-13T13:40:58+00:00 [INFO] [System] GitHub API request {"endpoint":"repos\/diskeyster-crypto\/brains\/contents\/modules\/trading\/executor_bot\/config\/config.php","http_code":404,"time":"0.178s"}
2026-03-13T13:41:00+00:00 [INFO] [System] GitHub API request {"endpoint":"repos\/diskeyster-crypto\/brains\/contents\/modules\/trading\/executor_bot\/config\/schema.php","http_code":404,"time":"0.196s"}
2026-03-13T13:41:02+00:00 [INFO] [System] GitHub API request {"endpoint":"repos\/diskeyster-crypto\/brains\/contents\/modules\/trading\/executor_bot\/steps\/intent_lock.php","http_code":404,"time":"0.219s"}
2026-03-13T13:41:03+00:00 [INFO] [System] GitHub API request {"endpoint":"repos\/diskeyster-crypto\/brains\/contents\/modules\/trading\/executor_bot\/steps\/step_-1_intake.php","http_code":404,"time":"0.241s"}
2026-03-13T13:41:06+00:00 [INFO] [System] GitHub API request {"endpoint":"repos\/diskeyster-crypto\/brains\/contents\/modules\/trading\/executor_bot\/steps\/step_0_prepare_order.php","http_code":404,"time":"0.445s"}
2026-03-13T13:41:07+00:00 [INFO] [System] GitHub API request {"endpoint":"repos\/diskeyster-crypto\/brains\/contents\/modules\/trading\/executor_bot\/steps\/step_1_collect_api.php","http_code":404,"time":"0.194s"}
2026-03-13T13:41:09+00:00 [INFO] [System] GitHub API request {"endpoint":"repos\/diskeyster-crypto\/brains\/contents\/modules\/trading\/executor_bot\/steps\/step_2_mini_filter.php","http_code":404,"time":"0.197s"}
2026-03-13T13:41:11+00:00 [INFO] [System] GitHub API request {"endpoint":"repos\/diskeyster-crypto\/brains\/contents\/modules\/trading\/executor_bot\/steps\/step_3_5_active_pos.php","http_code":404,"time":"0.366s"}
2026-03-13T13:41:12+00:00 [INFO] [System] GitHub API request {"endpoint":"repos\/diskeyster-crypto\/brains\/contents\/modules\/trading\/executor_bot\/steps\/step_3_calculator.php","http_code":404,"time":"0.191s"}
2026-03-13T13:41:14+00:00 [INFO] [System] GitHub API request {"endpoint":"repos\/diskeyster-crypto\/brains\/contents\/modules\/trading\/executor_bot\/steps\/step_4_builder.php","http_code":404,"time":"0.19s"}
2026-03-13T13:41:15+00:00 [INFO] [System] GitHub API request {"endpoint":"repos\/diskeyster-crypto\/brains\/contents\/modules\/trading\/executor_bot\/steps\/step_5_simulator.php","http_code":404,"time":"0.188s"}
2026-03-13T13:41:17+00:00 [INFO] [System] GitHub API request {"endpoint":"repos\/diskeyster-crypto\/brains\/contents\/modules\/trading\/executor_bot\/steps\/step_6_finalize.php","http_code":404,"time":"0.437s"}
2026-03-13T13:41:18+00:00 [INFO] [System] GitHub API request {"endpoint":"repos\/diskeyster-crypto\/brains\/contents\/modules\/trading\/executor_bot\/steps\/step_7_executor_live.php","http_code":404,"time":"0.192s"}
2026-03-13T13:41:20+00:00 [INFO] [System] GitHub API request {"endpoint":"repos\/diskeyster-crypto\/brains\/contents\/modules\/trading\/executor_bot\/steps\/step_8_checker.php","http_code":404,"time":"0.187s"}
2026-03-13T13:41:21+00:00 [INFO] [System] GitHub API request {"endpoint":"repos\/diskeyster-crypto\/brains\/contents\/modules\/trading\/executor_bot\/steps\/step_8_set_stop.php","http_code":404,"time":"0.2s"}
2026-03-13T13:41:23+00:00 [INFO] [System] GitHub API request {"endpoint":"repos\/diskeyster-crypto\/brains\/contents\/modules\/trading\/executor_bot\/storage\/executed.json","http_code":404,"time":"0.228s"}
2026-03-13T13:41:25+00:00 [INFO] [System] GitHub API request {"endpoint":"repos\/diskeyster-crypto\/brains\/contents\/modules\/trading\/executor_bot\/storage\/last_run.json","http_code":404,"time":"0.212s"}
2026-03-13T13:41:26+00:00 [INFO] [System] GitHub API request {"endpoint":"repos\/diskeyster-crypto\/brains\/contents\/modules\/trading\/executor_bot\/cron_handler.php","http_code":404,"time":"0.215s"}
2026-03-13T13:41:28+00:00 [INFO] [System] GitHub API request {"endpoint":"repos\/diskeyster-crypto\/brains\/contents\/modules\/trading\/executor_bot\/manifest.json","http_code":404,"time":"0.233s"}
2026-03-13T13:41:29+00:00 [INFO] [System] GitHub API request {"endpoint":"repos\/diskeyster-crypto\/brains\/contents\/modules\/trading\/executor_bot\/service.php","http_code":404,"time":"0.22s"}
2026-03-13T13:41:31+00:00 [INFO] [System] GitHub API request {"endpoint":"repos\/diskeyster-crypto\/brains\/contents\/modules\/trading\/executor_bot_refactored_parser5_signals.zip","http_code":404,"time":"0.184s"}
2026-03-13T13:43:58+00:00 [INFO] [System] GitHub API request {"endpoint":"repos\/diskeyster-crypto\/brains\/contents\/public\/admin\/assets\/css\/style.css","http_code":404,"time":"0.197s"}
2026-03-13T13:44:00+00:00 [INFO] [System] GitHub API request {"endpoint":"repos\/diskeyster-crypto\/brains\/contents\/public\/admin\/assets\/css\/ui.css","http_code":404,"time":"0.185s"}
2026-03-13T13:44:02+00:00 [INFO] [System] GitHub API request {"endpoint":"repos\/diskeyster-crypto\/brains\/contents\/public\/admin\/assets\/js\/app.js","http_code":404,"time":"0.184s"}
2026-03-13T13:44:04+00:00 [INFO] [System] GitHub API request {"endpoint":"repos\/diskeyster-crypto\/brains\/contents\/public\/admin\/index.php","http_code":404,"time":"0.189s"}
2026-03-13T13:44:05+00:00 [INFO] [System] GitHub API request {"endpoint":"repos\/diskeyster-crypto\/brains\/contents\/public\/storage\/errors.json","http_code":404,"time":"0.202s"}
2026-03-13T13:44:06+00:00 [INFO] [System] GitHub API request {"endpoint":"repos\/diskeyster-crypto\/brains\/contents\/public\/storage\/errors.json.bak","http_code":404,"time":"0.191s"}
2026-03-13T13:44:08+00:00 [INFO] [System] GitHub API request {"endpoint":"repos\/diskeyster-crypto\/brains\/contents\/public\/storage\/last_run.json","http_code":404,"time":"0.202s"}
2026-03-13T13:44:09+00:00 [INFO] [System] GitHub API request {"endpoint":"repos\/diskeyster-crypto\/brains\/contents\/public\/storage\/state.json","http_code":404,"time":"0.26s"}
2026-03-13T13:44:12+00:00 [INFO] [System] GitHub API request {"endpoint":"repos\/diskeyster-crypto\/brains\/contents\/public\/.htaccess","http_code":404,"time":"0.243s"}
2026-03-13T13:44:13+00:00 [INFO] [System] GitHub API request {"endpoint":"repos\/diskeyster-crypto\/brains\/contents\/public\/cron.php","http_code":404,"time":"0.189s"}
2026-03-13T13:44:14+00:00 [INFO] [System] GitHub API request {"endpoint":"repos\/diskeyster-crypto\/brains\/contents\/public\/index.php","http_code":404,"time":"0.183s"}
2026-03-13T13:44:16+00:00 [INFO] [System] GitHub API request {"endpoint":"repos\/diskeyster-crypto\/brains\/contents\/public\/install.php","http_code":404,"time":"0.192s"}
2026-03-13T13:44:18+00:00 [INFO] [System] GitHub API request {"endpoint":"repos\/diskeyster-crypto\/brains\/contents\/public\/reset-password.php","http_code":404,"time":"0.204s"}
2026-03-13T13:44:19+00:00 [INFO] [System] GitHub API request {"endpoint":"repos\/diskeyster-crypto\/brains\/contents\/runtime\/cache\/.gitkeep","http_code":404,"time":"0.374s"}
2026-03-13T13:44:21+00:00 [INFO] [System] GitHub API request {"endpoint":"repos\/diskeyster-crypto\/brains\/contents\/runtime\/logs\/.gitkeep","http_code":404,"time":"0.2s"}
2026-03-13T13:44:22+00:00 [INFO] [System] GitHub API request {"endpoint":"repos\/diskeyster-crypto\/brains\/contents\/runtime\/logs\/cron.log","http_code":404,"time":"0.189s"}
